date,totalamount,italianpizza,meatballs,sansrival,redvelvet,meatpie
Tue Jul 11 2023 08:30:04 GMT+0800 (China Standard Time),9739,0,2,1,2,0
Fri Aug 25 2023 13:26:57 GMT+0800 (China Standard Time),699,1,0,5,0,0
Mon Mar 06 2023 17:34:14 GMT+0800 (China Standard Time),2302,0,1,0,1,0
Wed Jun 28 2023 20:37:22 GMT+0800 (China Standard Time),6851,0,0,0,4,0
Fri Aug 18 2023 11:59:14 GMT+0800 (China Standard Time),9979,0,1,0,0,0
Thu Jan 26 2023 09:46:22 GMT+0800 (China Standard Time),3525,1,0,0,1,0
Fri May 05 2023 23:58:57 GMT+0800 (China Standard Time),2730,0,1,1,1,0
Wed Jul 05 2023 21:44:14 GMT+0800 (China Standard Time),4194,1,0,0,5,1
Wed Jul 05 2023 12:43:53 GMT+0800 (China Standard Time),1401,0,0,0,1,5
Fri Jun 09 2023 16:09:45 GMT+0800 (China Standard Time),7897,1,4,6,0,0
Sun Oct 15 2023 16:31:09 GMT+0800 (China Standard Time),5418,0,0,1,1,0
Wed Jun 21 2023 18:45:52 GMT+0800 (China Standard Time),7401,0,0,0,0,1
Sun Jul 09 2023 02:35:14 GMT+0800 (China Standard Time),9605,1,5,0,1,2
Sat Sep 16 2023 09:55:29 GMT+0800 (China Standard Time),4283,0,0,1,1,1
Thu Aug 17 2023 01:46:10 GMT+0800 (China Standard Time),2823,0,0,4,0,1
Tue Mar 28 2023 12:52:59 GMT+0800 (China Standard Time),5993,0,1,1,0,9
Sun Apr 09 2023 04:18:53 GMT+0800 (China Standard Time),7744,7,1,0,3,0
Sat Dec 16 2023 21:11:53 GMT+0800 (China Standard Time),1068,0,4,1,0,0
Fri Feb 03 2023 18:38:01 GMT+0800 (China Standard Time),5722,2,0,1,0,1
Thu Mar 30 2023 10:07:53 GMT+0800 (China Standard Time),4340,6,0,0,1,1
Mon Dec 04 2023 13:42:46 GMT+0800 (China Standard Time),5616,0,1,0,0,4
Fri Aug 04 2023 03:33:50 GMT+0800 (China Standard Time),3791,2,0,4,1,0
Mon Jul 31 2023 13:06:01 GMT+0800 (China Standard Time),9895,0,1,1,0,0
Wed Feb 08 2023 03:00:10 GMT+0800 (China Standard Time),4644,1,1,0,0,0
Fri May 12 2023 12:48:35 GMT+0800 (China Standard Time),2996,0,0,0,2,0
Wed Feb 22 2023 12:21:22 GMT+0800 (China Standard Time),2389,0,4,1,1,4
Fri Apr 21 2023 22:20:14 GMT+0800 (China Standard Time),9738,0,4,1,0,0
Sun Jul 16 2023 20:54:22 GMT+0800 (China Standard Time),7326,0,1,0,0,0
Wed May 31 2023 04:09:30 GMT+0800 (China Standard Time),6726,0,0,0,0,0
Mon Oct 09 2023 07:30:38 GMT+0800 (China Standard Time),4491,1,0,3,1,1
Tue May 23 2023 23:48:13 GMT+0800 (China Standard Time),8017,1,2,0,1,0
Tue Aug 15 2023 06:47:48 GMT+0800 (China Standard Time),1361,0,1,0,0,0
Thu Mar 23 2023 13:00:37 GMT+0800 (China Standard Time),8419,0,1,0,0,0
Fri Mar 17 2023 17:26:00 GMT+0800 (China Standard Time),9844,0,0,0,0,4
Fri Apr 21 2023 18:51:53 GMT+0800 (China Standard Time),9117,0,0,0,1,0
Tue Dec 19 2023 16:00:09 GMT+0800 (China Standard Time),4722,0,0,1,0,1
Thu Jan 26 2023 07:26:02 GMT+0800 (China Standard Time),3430,0,1,1,1,0
Sat Apr 08 2023 16:49:56 GMT+0800 (China Standard Time),5704,3,0,1,1,1
Fri Dec 29 2023 19:24:56 GMT+0800 (China Standard Time),4126,4,1,3,1,0
Fri Oct 27 2023 12:10:05 GMT+0800 (China Standard Time),6383,1,0,0,0,4
Mon Jan 30 2023 08:24:29 GMT+0800 (China Standard Time),6095,0,2,1,0,0
Thu Apr 20 2023 11:46:07 GMT+0800 (China Standard Time),4281,4,0,0,0,0
Wed Feb 08 2023 04:48:08 GMT+0800 (China Standard Time),9945,0,0,1,0,0
Thu Nov 09 2023 22:41:05 GMT+0800 (China Standard Time),917,0,0,6,1,0
Sun Dec 03 2023 11:51:28 GMT+0800 (China Standard Time),5896,0,0,1,7,0
Wed Feb 01 2023 03:41:18 GMT+0800 (China Standard Time),9049,2,0,9,1,0
Fri Mar 10 2023 16:55:58 GMT+0800 (China Standard Time),3005,0,0,0,1,0
Tue Jun 06 2023 18:29:00 GMT+0800 (China Standard Time),9857,0,1,0,9,0
Fri Sep 29 2023 05:15:34 GMT+0800 (China Standard Time),4654,1,1,0,1,2
Fri Nov 03 2023 17:35:31 GMT+0800 (China Standard Time),6202,1,1,1,0,0
Fri Jun 30 2023 23:39:52 GMT+0800 (China Standard Time),6451,0,0,0,1,2
Wed Aug 09 2023 10:30:59 GMT+0800 (China Standard Time),9910,0,1,1,1,1
Sat Jun 24 2023 09:35:09 GMT+0800 (China Standard Time),6265,1,1,1,1,0
Tue Oct 10 2023 04:19:28 GMT+0800 (China Standard Time),2716,4,0,2,1,1
Thu Sep 07 2023 12:58:22 GMT+0800 (China Standard Time),5369,2,3,0,0,0
Fri Jun 02 2023 09:18:12 GMT+0800 (China Standard Time),5603,8,1,0,3,0
Mon Jul 17 2023 07:10:57 GMT+0800 (China Standard Time),6481,0,1,1,0,0
Wed Aug 09 2023 03:33:01 GMT+0800 (China Standard Time),4174,0,0,0,1,9
Mon Dec 25 2023 20:06:43 GMT+0800 (China Standard Time),6899,0,0,1,5,0
Sun Jan 29 2023 05:37:29 GMT+0800 (China Standard Time),1569,4,1,0,1,0
Tue Aug 08 2023 01:14:39 GMT+0800 (China Standard Time),822,1,0,1,4,1
Wed Jun 07 2023 16:51:45 GMT+0800 (China Standard Time),8230,0,7,4,1,0
Fri Jan 12 2024 15:37:32 GMT+0800 (China Standard Time),461,0,1,0,1,5
Thu Mar 30 2023 08:59:45 GMT+0800 (China Standard Time),9335,0,0,5,0,0
Fri Dec 22 2023 22:40:44 GMT+0800 (China Standard Time),9475,6,0,0,0,1
Tue Jun 27 2023 23:17:16 GMT+0800 (China Standard Time),8541,0,0,4,1,0
Sat Aug 05 2023 22:32:31 GMT+0800 (China Standard Time),2948,1,0,1,0,7
Fri Dec 01 2023 02:20:36 GMT+0800 (China Standard Time),2751,0,0,0,0,0
Sat Dec 30 2023 08:01:26 GMT+0800 (China Standard Time),8769,2,1,0,0,1
Fri Apr 28 2023 05:06:09 GMT+0800 (China Standard Time),5088,0,1,0,0,0
Tue Feb 21 2023 12:16:44 GMT+0800 (China Standard Time),6371,6,1,0,0,2
Thu Feb 02 2023 20:08:49 GMT+0800 (China Standard Time),4021,0,1,1,0,0
Sun Oct 08 2023 19:27:33 GMT+0800 (China Standard Time),2306,1,6,2,0,0
Fri May 05 2023 20:53:54 GMT+0800 (China Standard Time),8248,1,0,0,1,0
Fri Oct 20 2023 22:36:47 GMT+0800 (China Standard Time),5239,1,0,1,0,0
Fri Dec 15 2023 09:52:07 GMT+0800 (China Standard Time),4977,0,0,0,1,8
Mon Mar 27 2023 09:48:22 GMT+0800 (China Standard Time),2404,0,0,7,0,0
Sat Aug 05 2023 23:13:51 GMT+0800 (China Standard Time),2905,0,7,1,0,1
Fri Mar 24 2023 06:56:49 GMT+0800 (China Standard Time),2256,0,1,1,0,0
Mon Aug 28 2023 23:07:00 GMT+0800 (China Standard Time),6829,1,0,9,0,4
Fri Jun 16 2023 20:28:12 GMT+0800 (China Standard Time),4598,1,0,0,1,0
Tue Aug 15 2023 02:44:54 GMT+0800 (China Standard Time),6222,0,0,1,9,1
Thu Feb 09 2023 08:18:19 GMT+0800 (China Standard Time),78,0,1,0,1,0
Thu Feb 16 2023 10:22:01 GMT+0800 (China Standard Time),3000,0,5,1,0,9
Mon Feb 20 2023 11:19:08 GMT+0800 (China Standard Time),6375,1,4,0,0,0
Mon Oct 09 2023 12:00:03 GMT+0800 (China Standard Time),2395,9,1,4,0,1
Mon Mar 13 2023 18:45:12 GMT+0800 (China Standard Time),6977,2,0,0,1,1
Tue Sep 19 2023 06:47:16 GMT+0800 (China Standard Time),8859,1,0,0,2,0
Sun Sep 10 2023 20:44:04 GMT+0800 (China Standard Time),6311,0,4,1,0,0
Mon May 29 2023 23:35:33 GMT+0800 (China Standard Time),6205,0,1,1,0,0
Tue Dec 12 2023 00:23:19 GMT+0800 (China Standard Time),3350,0,0,1,1,1
Sat Feb 11 2023 04:55:36 GMT+0800 (China Standard Time),9759,1,1,1,0,0
Fri Apr 07 2023 19:31:20 GMT+0800 (China Standard Time),5686,0,0,6,0,0
Fri Jan 20 2023 09:46:17 GMT+0800 (China Standard Time),6613,1,0,0,0,0
Sun Feb 05 2023 20:10:20 GMT+0800 (China Standard Time),7396,0,3,1,0,0
Fri May 12 2023 00:52:31 GMT+0800 (China Standard Time),6100,0,0,4,1,1
Sat Jan 21 2023 11:07:18 GMT+0800 (China Standard Time),272,8,0,0,9,0
Thu Aug 17 2023 12:34:13 GMT+0800 (China Standard Time),6169,0,0,0,0,3
Wed Apr 12 2023 13:57:13 GMT+0800 (China Standard Time),4843,0,0,0,0,0
Thu Jun 29 2023 18:49:09 GMT+0800 (China Standard Time),8111,0,1,0,0,2
Wed Sep 13 2023 07:37:25 GMT+0800 (China Standard Time),3716,1,4,0,0,0
Thu Feb 09 2023 15:46:08 GMT+0800 (China Standard Time),7871,0,1,0,0,0
Mon Jul 31 2023 20:53:31 GMT+0800 (China Standard Time),3163,0,0,0,0,1
Thu Aug 24 2023 19:09:24 GMT+0800 (China Standard Time),9483,1,0,1,0,0
Sat Jun 10 2023 00:06:44 GMT+0800 (China Standard Time),2450,1,1,0,0,2
Fri Oct 13 2023 04:01:52 GMT+0800 (China Standard Time),5388,1,0,0,0,1
Sun Mar 12 2023 12:48:41 GMT+0800 (China Standard Time),2307,0,0,1,0,0
Thu Mar 16 2023 07:25:12 GMT+0800 (China Standard Time),620,0,1,0,0,0
Fri Mar 03 2023 10:27:56 GMT+0800 (China Standard Time),5354,0,0,4,7,1
Tue Aug 08 2023 08:23:18 GMT+0800 (China Standard Time),243,0,1,1,0,0
Thu Jul 20 2023 21:25:45 GMT+0800 (China Standard Time),2113,4,0,1,1,2
Mon Jun 19 2023 04:31:39 GMT+0800 (China Standard Time),5108,3,0,7,0,4
Sun Sep 03 2023 06:41:15 GMT+0800 (China Standard Time),874,0,0,1,0,4
Sun Jun 18 2023 16:35:49 GMT+0800 (China Standard Time),7977,1,0,1,1,1
Sat Jun 10 2023 09:46:55 GMT+0800 (China Standard Time),1776,0,0,1,1,0
Wed Oct 04 2023 06:26:24 GMT+0800 (China Standard Time),7042,1,1,0,1,1
Fri Aug 04 2023 07:19:38 GMT+0800 (China Standard Time),5041,1,3,0,1,1
Sat Sep 09 2023 20:35:42 GMT+0800 (China Standard Time),4823,0,5,0,4,0
Thu Mar 02 2023 21:08:46 GMT+0800 (China Standard Time),313,2,0,0,0,0
Mon Nov 27 2023 05:02:27 GMT+0800 (China Standard Time),6632,2,0,1,0,1
Fri Jun 09 2023 16:58:08 GMT+0800 (China Standard Time),2150,0,0,0,0,2
Wed Feb 01 2023 16:26:04 GMT+0800 (China Standard Time),7008,8,0,0,0,0
Sat Sep 30 2023 03:52:47 GMT+0800 (China Standard Time),7776,1,6,1,0,0
Wed Jan 03 2024 19:50:57 GMT+0800 (China Standard Time),7228,0,4,0,0,2
Sat Dec 16 2023 17:05:28 GMT+0800 (China Standard Time),904,2,9,4,0,4
Sun Mar 19 2023 05:06:34 GMT+0800 (China Standard Time),2973,0,0,0,0,0
Sat Aug 19 2023 04:37:11 GMT+0800 (China Standard Time),623,0,1,4,1,0
Mon Oct 02 2023 03:00:35 GMT+0800 (China Standard Time),589,2,0,0,1,0
Sat May 27 2023 18:22:18 GMT+0800 (China Standard Time),3601,9,0,7,0,4
Wed May 24 2023 15:05:44 GMT+0800 (China Standard Time),8571,1,0,1,0,2
Sat Apr 29 2023 08:22:53 GMT+0800 (China Standard Time),4152,7,0,0,0,4
Tue May 23 2023 07:52:38 GMT+0800 (China Standard Time),4330,8,0,0,1,0
Mon Dec 11 2023 01:58:06 GMT+0800 (China Standard Time),5683,0,2,0,0,1
Thu May 04 2023 07:59:27 GMT+0800 (China Standard Time),6370,0,0,1,0,0
Sat Jan 06 2024 05:27:03 GMT+0800 (China Standard Time),4708,1,1,0,1,8
Thu Nov 09 2023 06:04:49 GMT+0800 (China Standard Time),3315,0,0,0,1,0
Wed May 24 2023 10:55:53 GMT+0800 (China Standard Time),114,0,0,0,1,1
Thu Mar 16 2023 02:54:50 GMT+0800 (China Standard Time),5152,0,0,0,1,0
Fri Dec 08 2023 09:42:57 GMT+0800 (China Standard Time),5680,1,1,1,1,4
Thu Mar 30 2023 20:15:42 GMT+0800 (China Standard Time),9279,0,8,1,1,0
Sat Dec 09 2023 19:06:45 GMT+0800 (China Standard Time),3529,1,1,1,0,4
Sat Apr 08 2023 05:42:34 GMT+0800 (China Standard Time),2395,1,0,0,1,0
Thu Mar 16 2023 00:33:14 GMT+0800 (China Standard Time),1904,0,0,0,0,5
Thu Sep 14 2023 11:26:34 GMT+0800 (China Standard Time),7827,0,9,0,0,5
Mon Jul 17 2023 15:31:00 GMT+0800 (China Standard Time),2724,1,8,1,0,9
Tue Nov 14 2023 03:36:20 GMT+0800 (China Standard Time),2746,1,1,0,3,2
Wed Dec 20 2023 10:12:40 GMT+0800 (China Standard Time),660,0,0,0,0,5
Wed Sep 20 2023 20:25:09 GMT+0800 (China Standard Time),1431,1,1,0,0,0
Mon Mar 27 2023 05:59:28 GMT+0800 (China Standard Time),2051,0,0,1,1,4
Wed Jan 17 2024 08:19:48 GMT+0800 (China Standard Time),7544,1,0,1,1,2
Sun Aug 20 2023 21:56:57 GMT+0800 (China Standard Time),3786,6,0,1,0,0
Mon May 29 2023 11:19:25 GMT+0800 (China Standard Time),8407,1,0,2,0,0
Wed May 03 2023 12:01:33 GMT+0800 (China Standard Time),1196,2,0,6,0,5
Fri Jun 09 2023 23:19:22 GMT+0800 (China Standard Time),9018,0,2,0,1,2
Fri Nov 24 2023 15:51:31 GMT+0800 (China Standard Time),2460,8,2,2,0,1
Sat Sep 30 2023 15:42:00 GMT+0800 (China Standard Time),6034,8,0,0,4,9
Mon Mar 20 2023 13:01:23 GMT+0800 (China Standard Time),7642,0,0,0,9,0
Sat Sep 16 2023 17:14:39 GMT+0800 (China Standard Time),2506,1,0,0,1,1
Mon Nov 13 2023 05:22:27 GMT+0800 (China Standard Time),54,1,0,1,4,1
Fri Dec 08 2023 04:41:09 GMT+0800 (China Standard Time),1519,0,0,1,5,1
Sat Nov 11 2023 08:22:37 GMT+0800 (China Standard Time),3719,1,0,1,2,1
Sat Jun 17 2023 05:43:31 GMT+0800 (China Standard Time),2789,1,1,1,0,4
Sun Dec 03 2023 13:46:46 GMT+0800 (China Standard Time),4352,0,0,0,0,3
Sat Sep 02 2023 14:46:17 GMT+0800 (China Standard Time),9735,0,4,1,0,0
Fri Mar 10 2023 23:50:50 GMT+0800 (China Standard Time),9057,0,0,8,1,0
Fri Jul 28 2023 19:57:41 GMT+0800 (China Standard Time),159,0,0,1,0,4
Sat Feb 18 2023 05:17:19 GMT+0800 (China Standard Time),2774,4,1,0,0,0
Sun Aug 06 2023 21:03:04 GMT+0800 (China Standard Time),7672,0,1,0,2,0
Sat Apr 29 2023 19:25:16 GMT+0800 (China Standard Time),808,0,0,0,6,0
Fri Jul 28 2023 21:01:30 GMT+0800 (China Standard Time),8840,0,0,4,6,0
Sun Apr 23 2023 08:30:39 GMT+0800 (China Standard Time),2145,0,0,0,0,9
Sat Jul 29 2023 20:06:39 GMT+0800 (China Standard Time),416,0,1,1,1,1
Fri Apr 21 2023 21:09:31 GMT+0800 (China Standard Time),3268,1,1,0,1,0
Fri Apr 14 2023 05:35:12 GMT+0800 (China Standard Time),7834,0,0,1,1,0
Sun Apr 30 2023 18:51:44 GMT+0800 (China Standard Time),6910,0,1,0,1,0
Wed Oct 11 2023 19:15:05 GMT+0800 (China Standard Time),9671,0,1,0,1,0
Fri Dec 01 2023 01:08:41 GMT+0800 (China Standard Time),6308,0,1,1,0,0
Sat Mar 04 2023 04:33:41 GMT+0800 (China Standard Time),3208,0,0,0,0,1
Fri Dec 29 2023 16:02:14 GMT+0800 (China Standard Time),4048,5,4,1,0,4
Thu Jun 08 2023 03:46:18 GMT+0800 (China Standard Time),7710,3,0,0,0,0
Fri Sep 01 2023 17:38:39 GMT+0800 (China Standard Time),2194,1,0,1,5,0
Sat Mar 25 2023 13:43:17 GMT+0800 (China Standard Time),7757,0,0,0,0,0
Tue Sep 12 2023 13:24:39 GMT+0800 (China Standard Time),6939,0,0,1,1,0
Tue Feb 14 2023 17:44:35 GMT+0800 (China Standard Time),552,0,2,0,0,0
Fri Nov 24 2023 21:07:06 GMT+0800 (China Standard Time),9377,0,1,0,0,1
Sat Feb 18 2023 08:35:16 GMT+0800 (China Standard Time),1950,0,0,0,1,1
Fri Dec 01 2023 05:43:45 GMT+0800 (China Standard Time),5553,0,1,0,1,0
Fri May 26 2023 23:32:46 GMT+0800 (China Standard Time),2824,0,0,8,0,0
Tue Feb 28 2023 12:10:00 GMT+0800 (China Standard Time),4707,1,0,0,4,0
Thu Mar 23 2023 16:38:04 GMT+0800 (China Standard Time),4473,0,0,0,0,2
Tue Nov 14 2023 13:12:15 GMT+0800 (China Standard Time),3016,1,1,0,9,1
Tue Mar 28 2023 21:06:47 GMT+0800 (China Standard Time),9915,0,1,1,1,0
Wed Jun 07 2023 03:25:43 GMT+0800 (China Standard Time),7581,6,2,0,4,0
Tue Apr 18 2023 21:49:07 GMT+0800 (China Standard Time),3616,0,7,1,1,0
Tue Aug 01 2023 14:41:50 GMT+0800 (China Standard Time),9900,0,0,0,0,0
Fri Dec 08 2023 14:26:56 GMT+0800 (China Standard Time),745,0,0,1,1,3
Mon Dec 18 2023 08:52:46 GMT+0800 (China Standard Time),8571,0,1,0,8,1
Sun Oct 22 2023 14:21:27 GMT+0800 (China Standard Time),5461,5,0,0,0,1
Sun May 21 2023 12:48:46 GMT+0800 (China Standard Time),5713,2,0,0,0,1
Sun Jul 02 2023 06:11:56 GMT+0800 (China Standard Time),6419,0,0,0,0,4
Sat Nov 18 2023 00:39:07 GMT+0800 (China Standard Time),2815,0,0,0,1,1
Tue Apr 11 2023 14:36:17 GMT+0800 (China Standard Time),1332,1,0,0,1,1
Sun Jan 14 2024 01:56:02 GMT+0800 (China Standard Time),8662,0,0,2,0,0
Sun Oct 22 2023 02:30:50 GMT+0800 (China Standard Time),3898,0,0,1,0,0
Sat Jan 21 2023 12:23:43 GMT+0800 (China Standard Time),7098,2,1,0,6,1
Wed May 10 2023 06:05:05 GMT+0800 (China Standard Time),725,4,0,1,0,0
Sat Feb 04 2023 17:39:09 GMT+0800 (China Standard Time),6412,5,1,1,1,0
Tue Dec 05 2023 20:34:51 GMT+0800 (China Standard Time),888,0,1,1,4,7
Sun Jan 29 2023 01:22:05 GMT+0800 (China Standard Time),3806,0,0,0,9,0
Fri Aug 25 2023 06:30:22 GMT+0800 (China Standard Time),7624,4,0,1,1,0
Mon Apr 17 2023 02:22:11 GMT+0800 (China Standard Time),4458,2,0,0,4,3
Wed Feb 15 2023 14:20:41 GMT+0800 (China Standard Time),1149,1,0,0,0,5
Sat Feb 25 2023 23:24:50 GMT+0800 (China Standard Time),8765,0,1,2,1,0
Fri May 19 2023 06:35:03 GMT+0800 (China Standard Time),9414,0,1,0,0,1
Tue Mar 21 2023 16:37:27 GMT+0800 (China Standard Time),6732,0,0,0,0,0
Thu Aug 24 2023 22:27:24 GMT+0800 (China Standard Time),9252,0,2,0,0,1
Sun Aug 13 2023 16:10:08 GMT+0800 (China Standard Time),6019,0,0,0,3,0
Sun Feb 19 2023 22:51:26 GMT+0800 (China Standard Time),1712,1,0,1,1,0
Thu Dec 21 2023 16:04:54 GMT+0800 (China Standard Time),1148,1,0,0,0,1
Tue Oct 31 2023 01:52:52 GMT+0800 (China Standard Time),7891,0,2,7,0,0
Thu Nov 16 2023 16:18:14 GMT+0800 (China Standard Time),8986,1,1,1,0,1
Sun Oct 15 2023 06:12:18 GMT+0800 (China Standard Time),1902,0,1,1,0,0
Mon Dec 04 2023 19:50:26 GMT+0800 (China Standard Time),5734,0,0,0,0,0
Mon Jan 01 2024 08:30:39 GMT+0800 (China Standard Time),9424,0,0,0,0,0
Mon May 29 2023 12:18:45 GMT+0800 (China Standard Time),9449,0,0,2,0,0
Thu Aug 17 2023 18:23:34 GMT+0800 (China Standard Time),9624,2,2,8,0,0
Thu Jun 29 2023 07:55:19 GMT+0800 (China Standard Time),1515,0,0,4,0,4
Sat Jun 24 2023 00:19:02 GMT+0800 (China Standard Time),8014,8,7,0,0,1
Sun Apr 30 2023 04:50:35 GMT+0800 (China Standard Time),6223,0,4,0,0,1
Thu Jun 08 2023 04:46:46 GMT+0800 (China Standard Time),8317,1,0,0,0,0
Wed Mar 01 2023 17:52:24 GMT+0800 (China Standard Time),761,1,0,9,0,9
Mon Jul 03 2023 07:47:17 GMT+0800 (China Standard Time),263,0,0,8,4,0
Mon Jan 23 2023 09:06:35 GMT+0800 (China Standard Time),6825,0,0,0,1,0
Tue Nov 07 2023 03:20:13 GMT+0800 (China Standard Time),1450,1,0,0,0,0
Wed Sep 06 2023 08:45:35 GMT+0800 (China Standard Time),3928,4,4,1,0,0
Sun Jul 02 2023 09:32:10 GMT+0800 (China Standard Time),1950,0,1,2,0,0
Fri Apr 07 2023 13:51:39 GMT+0800 (China Standard Time),2955,0,0,1,1,0
Wed Jan 03 2024 03:49:42 GMT+0800 (China Standard Time),1413,0,4,0,1,0
Sun Dec 10 2023 21:39:19 GMT+0800 (China Standard Time),7016,0,4,0,0,0
Tue Dec 12 2023 11:10:33 GMT+0800 (China Standard Time),351,2,1,0,1,0
Sat Nov 25 2023 09:19:17 GMT+0800 (China Standard Time),2552,4,0,0,1,1
Thu Feb 23 2023 15:05:22 GMT+0800 (China Standard Time),5113,1,7,8,6,0
Mon Sep 11 2023 04:40:04 GMT+0800 (China Standard Time),9684,2,0,0,0,0
Wed Feb 08 2023 18:56:42 GMT+0800 (China Standard Time),124,0,1,0,1,0
Sat Sep 09 2023 02:52:00 GMT+0800 (China Standard Time),9749,1,1,0,0,0
Sun Dec 24 2023 15:03:23 GMT+0800 (China Standard Time),748,1,1,1,4,0
Sun May 21 2023 08:13:48 GMT+0800 (China Standard Time),8694,9,0,0,0,1
Fri Sep 01 2023 04:30:08 GMT+0800 (China Standard Time),1962,1,0,0,1,0
Tue Oct 10 2023 19:56:12 GMT+0800 (China Standard Time),3273,0,0,1,0,0
Sat Dec 09 2023 23:22:47 GMT+0800 (China Standard Time),3265,0,1,0,2,0
Tue Dec 26 2023 01:56:00 GMT+0800 (China Standard Time),4759,0,0,0,1,0
Mon Aug 21 2023 01:37:34 GMT+0800 (China Standard Time),5513,0,0,0,0,4
Tue Feb 14 2023 10:52:18 GMT+0800 (China Standard Time),6983,1,9,0,0,0
Fri Jul 28 2023 09:41:42 GMT+0800 (China Standard Time),8478,8,1,0,0,2
Thu May 04 2023 12:06:33 GMT+0800 (China Standard Time),2260,0,0,0,0,0
Tue Jun 13 2023 13:53:25 GMT+0800 (China Standard Time),7541,1,0,6,0,0
Fri Sep 01 2023 17:40:37 GMT+0800 (China Standard Time),11,1,4,0,0,0
Sun Nov 26 2023 21:09:22 GMT+0800 (China Standard Time),6998,4,2,4,0,2
Sat Apr 01 2023 19:45:34 GMT+0800 (China Standard Time),2556,1,1,1,1,1
Mon Aug 14 2023 09:24:07 GMT+0800 (China Standard Time),2077,5,2,0,0,1
Thu Nov 02 2023 23:57:45 GMT+0800 (China Standard Time),5270,0,1,0,2,0
Tue May 09 2023 21:21:03 GMT+0800 (China Standard Time),2647,1,0,0,0,1
Fri Dec 29 2023 11:33:41 GMT+0800 (China Standard Time),2113,0,1,0,1,0
Fri Mar 03 2023 17:55:29 GMT+0800 (China Standard Time),257,0,5,1,0,0
Tue Jun 20 2023 15:36:54 GMT+0800 (China Standard Time),6491,0,1,4,1,0
Wed Nov 22 2023 17:26:34 GMT+0800 (China Standard Time),6639,0,0,0,0,0
Wed Jan 10 2024 17:19:29 GMT+0800 (China Standard Time),7777,2,0,3,9,1
Thu Jul 06 2023 00:54:28 GMT+0800 (China Standard Time),1130,0,0,0,0,4
Tue Jul 11 2023 14:52:53 GMT+0800 (China Standard Time),5792,1,1,0,0,0
Mon Feb 20 2023 08:31:28 GMT+0800 (China Standard Time),6132,0,2,1,1,3
Sun Aug 13 2023 16:21:49 GMT+0800 (China Standard Time),3804,1,1,1,0,1
Sun Apr 09 2023 20:03:30 GMT+0800 (China Standard Time),8303,1,0,0,0,4
Wed Mar 01 2023 17:03:08 GMT+0800 (China Standard Time),9919,1,0,1,0,0
Mon Nov 06 2023 23:20:09 GMT+0800 (China Standard Time),5822,1,0,0,0,2
Mon Jan 23 2023 23:11:05 GMT+0800 (China Standard Time),8459,1,1,0,0,8
Thu Oct 12 2023 06:05:50 GMT+0800 (China Standard Time),6499,2,0,1,4,6
Fri May 05 2023 08:14:53 GMT+0800 (China Standard Time),5867,9,6,0,4,0
Sun Sep 24 2023 06:21:16 GMT+0800 (China Standard Time),3858,0,0,0,0,0
Sun May 28 2023 02:39:13 GMT+0800 (China Standard Time),2534,4,0,8,1,1
Fri Dec 15 2023 19:14:42 GMT+0800 (China Standard Time),6833,1,9,0,0,1
Mon Sep 04 2023 17:46:24 GMT+0800 (China Standard Time),9074,3,1,0,5,0
Mon Oct 23 2023 05:25:09 GMT+0800 (China Standard Time),466,0,6,2,0,1
Thu Jun 08 2023 19:26:20 GMT+0800 (China Standard Time),2081,0,4,0,0,1
Tue Sep 19 2023 19:38:30 GMT+0800 (China Standard Time),8483,9,0,1,1,1
Fri Oct 20 2023 16:46:09 GMT+0800 (China Standard Time),3746,1,0,5,6,1
Fri Jun 16 2023 09:26:36 GMT+0800 (China Standard Time),3177,0,0,1,1,1
Fri Feb 17 2023 16:06:57 GMT+0800 (China Standard Time),9274,0,1,0,1,1
Thu Feb 16 2023 20:50:53 GMT+0800 (China Standard Time),5490,1,4,0,1,0
Mon May 29 2023 13:34:46 GMT+0800 (China Standard Time),8720,0,4,0,0,0
Thu Apr 06 2023 14:10:26 GMT+0800 (China Standard Time),7751,1,0,0,1,0
Sun Apr 09 2023 04:07:57 GMT+0800 (China Standard Time),1212,1,3,0,0,1
Thu Apr 20 2023 02:42:05 GMT+0800 (China Standard Time),4019,1,0,0,0,1
Mon Feb 20 2023 05:16:25 GMT+0800 (China Standard Time),2195,1,0,8,0,0
Fri Dec 01 2023 06:13:40 GMT+0800 (China Standard Time),830,1,1,0,0,0
Sat Sep 02 2023 08:37:37 GMT+0800 (China Standard Time),4958,0,2,2,0,0
Fri Mar 17 2023 16:35:00 GMT+0800 (China Standard Time),3197,0,0,1,0,1
Tue Oct 24 2023 12:27:24 GMT+0800 (China Standard Time),3078,4,1,1,5,1
Wed Nov 22 2023 04:28:17 GMT+0800 (China Standard Time),8531,1,1,0,1,3
Wed Dec 20 2023 05:19:46 GMT+0800 (China Standard Time),5234,0,0,4,0,0
Mon Apr 17 2023 10:16:12 GMT+0800 (China Standard Time),8000,1,0,2,0,2
Thu Feb 02 2023 11:34:05 GMT+0800 (China Standard Time),1755,4,0,0,5,0
Fri May 26 2023 22:35:59 GMT+0800 (China Standard Time),1169,0,0,0,0,0
Wed Feb 08 2023 16:21:45 GMT+0800 (China Standard Time),671,0,2,4,0,4
Tue Nov 28 2023 20:29:26 GMT+0800 (China Standard Time),6260,0,0,4,4,1
Tue Oct 31 2023 02:46:50 GMT+0800 (China Standard Time),9521,1,2,0,1,0
Sat Oct 07 2023 13:28:28 GMT+0800 (China Standard Time),1262,0,0,0,0,1
Thu Jul 13 2023 07:24:32 GMT+0800 (China Standard Time),9380,0,1,1,0,1
Mon Mar 13 2023 16:19:58 GMT+0800 (China Standard Time),8096,2,0,0,2,0
Sat Jul 15 2023 11:21:49 GMT+0800 (China Standard Time),4174,0,0,0,0,0
Wed Feb 22 2023 07:08:42 GMT+0800 (China Standard Time),3554,4,1,0,0,0
Sun Oct 08 2023 18:41:05 GMT+0800 (China Standard Time),4435,1,1,1,0,7
Wed Aug 16 2023 21:17:33 GMT+0800 (China Standard Time),1503,0,1,0,7,4
Sat Jul 22 2023 08:10:50 GMT+0800 (China Standard Time),2836,8,9,6,2,0
Mon Nov 20 2023 02:34:37 GMT+0800 (China Standard Time),4594,1,1,0,2,0
Wed Apr 19 2023 02:59:50 GMT+0800 (China Standard Time),3964,1,1,1,0,0
Sun Dec 31 2023 01:18:01 GMT+0800 (China Standard Time),6725,1,0,1,0,1
Sat Apr 01 2023 03:22:55 GMT+0800 (China Standard Time),4178,4,0,8,0,0
Wed Sep 20 2023 00:42:05 GMT+0800 (China Standard Time),8186,1,0,1,0,0
Mon Apr 17 2023 01:49:05 GMT+0800 (China Standard Time),1804,0,4,1,0,9
Thu Jul 13 2023 06:13:03 GMT+0800 (China Standard Time),2675,0,0,0,1,0
Tue Nov 21 2023 05:34:42 GMT+0800 (China Standard Time),3671,9,0,0,0,6
Sat Jun 17 2023 21:02:24 GMT+0800 (China Standard Time),571,3,0,0,0,0
Mon Oct 23 2023 23:03:46 GMT+0800 (China Standard Time),665,0,0,4,1,1
Sun May 14 2023 06:42:13 GMT+0800 (China Standard Time),1338,0,0,0,0,0
Tue Jun 13 2023 17:49:06 GMT+0800 (China Standard Time),2228,0,8,0,4,0
Thu May 18 2023 21:46:51 GMT+0800 (China Standard Time),5641,0,0,0,0,0
Fri Nov 17 2023 00:06:49 GMT+0800 (China Standard Time),6771,1,0,0,0,0
Sun Oct 15 2023 04:30:41 GMT+0800 (China Standard Time),2715,5,0,1,4,0
Sat Oct 07 2023 13:03:15 GMT+0800 (China Standard Time),7023,1,0,1,0,0
Fri Dec 08 2023 00:27:38 GMT+0800 (China Standard Time),2999,1,0,0,0,0
Wed Mar 08 2023 02:09:57 GMT+0800 (China Standard Time),6486,0,1,0,0,1
Thu Feb 16 2023 03:20:31 GMT+0800 (China Standard Time),3154,0,1,1,1,0
Mon Mar 27 2023 19:22:31 GMT+0800 (China Standard Time),552,0,0,1,1,0
Sat Oct 07 2023 09:36:49 GMT+0800 (China Standard Time),6948,0,6,2,1,0
Wed May 31 2023 06:51:35 GMT+0800 (China Standard Time),1248,1,2,8,0,1
Thu Jun 22 2023 02:16:03 GMT+0800 (China Standard Time),3008,5,0,0,4,0
Mon Feb 20 2023 15:35:42 GMT+0800 (China Standard Time),6659,0,0,0,0,0
Fri Oct 20 2023 12:03:43 GMT+0800 (China Standard Time),8585,5,0,0,1,1
Wed Jan 25 2023 23:27:23 GMT+0800 (China Standard Time),8686,1,1,0,1,0
Sun Feb 05 2023 20:26:43 GMT+0800 (China Standard Time),5196,1,0,2,1,0
Fri Sep 08 2023 04:06:30 GMT+0800 (China Standard Time),5280,0,1,0,1,4
Fri Sep 15 2023 15:04:10 GMT+0800 (China Standard Time),3233,0,4,0,2,0
Mon May 08 2023 05:13:23 GMT+0800 (China Standard Time),7248,0,1,0,6,5
Mon Jul 10 2023 05:30:23 GMT+0800 (China Standard Time),3249,1,1,0,0,0
Fri Jun 02 2023 08:11:01 GMT+0800 (China Standard Time),4807,0,1,0,1,6
Wed Oct 18 2023 18:05:43 GMT+0800 (China Standard Time),4189,0,0,1,1,7
Wed Nov 15 2023 02:55:15 GMT+0800 (China Standard Time),4996,1,0,1,1,0
Tue Aug 01 2023 15:40:08 GMT+0800 (China Standard Time),8912,0,0,0,2,1
Sun Oct 15 2023 19:50:20 GMT+0800 (China Standard Time),5291,1,0,0,1,1
Wed Mar 15 2023 14:03:37 GMT+0800 (China Standard Time),630,0,0,0,0,1
Sun May 21 2023 00:48:32 GMT+0800 (China Standard Time),2811,0,1,1,0,1
Thu Mar 02 2023 16:07:19 GMT+0800 (China Standard Time),4268,4,0,1,4,0
Sun Mar 12 2023 17:19:23 GMT+0800 (China Standard Time),2705,1,0,1,0,1
Sun Oct 29 2023 00:41:50 GMT+0800 (China Standard Time),5196,4,0,1,7,0
Fri Aug 11 2023 06:27:36 GMT+0800 (China Standard Time),4651,1,1,0,1,1
Sat Jul 01 2023 21:07:35 GMT+0800 (China Standard Time),9449,0,0,1,0,0
Tue Feb 14 2023 14:46:33 GMT+0800 (China Standard Time),8077,4,0,3,0,1
Mon Jul 24 2023 14:10:40 GMT+0800 (China Standard Time),9243,1,0,0,0,0
Wed Sep 06 2023 16:45:43 GMT+0800 (China Standard Time),1329,7,1,1,0,4
Mon Jun 19 2023 12:27:21 GMT+0800 (China Standard Time),1594,4,2,0,0,1
Sat Oct 14 2023 00:59:05 GMT+0800 (China Standard Time),8662,0,0,1,0,1
Wed Jan 18 2023 09:57:39 GMT+0800 (China Standard Time),9063,1,0,0,0,1
Fri Jun 16 2023 18:14:46 GMT+0800 (China Standard Time),6985,1,3,0,0,1
Mon Jan 23 2023 14:03:28 GMT+0800 (China Standard Time),7004,0,0,2,0,0
Sat Apr 29 2023 09:04:12 GMT+0800 (China Standard Time),8827,9,0,1,0,0
Sun May 21 2023 23:15:57 GMT+0800 (China Standard Time),1699,1,1,0,1,6
Fri Oct 06 2023 11:22:29 GMT+0800 (China Standard Time),6299,0,0,1,0,4
Sun Jan 29 2023 14:11:49 GMT+0800 (China Standard Time),8755,0,1,0,0,1
Sun May 21 2023 04:38:28 GMT+0800 (China Standard Time),4590,0,6,1,0,1
Mon Aug 21 2023 11:29:13 GMT+0800 (China Standard Time),8169,0,1,0,0,9
Fri Nov 03 2023 12:16:09 GMT+0800 (China Standard Time),8470,0,0,8,0,2
Tue Jun 27 2023 20:52:07 GMT+0800 (China Standard Time),5302,0,0,0,0,1
Sun Jun 18 2023 22:41:02 GMT+0800 (China Standard Time),5580,1,0,0,1,0
Fri Jan 27 2023 22:51:32 GMT+0800 (China Standard Time),1201,0,3,4,1,0
Thu Sep 28 2023 12:27:58 GMT+0800 (China Standard Time),7458,8,9,6,0,0
Sun Nov 26 2023 04:39:06 GMT+0800 (China Standard Time),8039,9,0,0,1,6
Thu Jul 13 2023 16:51:36 GMT+0800 (China Standard Time),7902,1,0,0,1,0
Sun Jan 29 2023 06:05:31 GMT+0800 (China Standard Time),9279,4,8,3,0,0
Sun Oct 08 2023 20:25:44 GMT+0800 (China Standard Time),4464,0,0,6,8,8
Thu Apr 20 2023 05:45:05 GMT+0800 (China Standard Time),8726,1,0,1,0,0
Thu Dec 21 2023 04:15:43 GMT+0800 (China Standard Time),2405,0,2,0,4,0
Tue Oct 10 2023 18:39:21 GMT+0800 (China Standard Time),4731,0,1,0,1,0
Tue Oct 10 2023 15:30:40 GMT+0800 (China Standard Time),1020,0,1,0,2,0
Tue Aug 15 2023 07:17:11 GMT+0800 (China Standard Time),550,0,0,0,0,0
Sat Nov 04 2023 18:49:04 GMT+0800 (China Standard Time),576,0,1,1,0,1
Fri Apr 07 2023 06:07:00 GMT+0800 (China Standard Time),75,0,7,1,0,0
Tue Nov 28 2023 04:09:34 GMT+0800 (China Standard Time),9688,0,8,0,9,4
Tue Jan 16 2024 13:11:57 GMT+0800 (China Standard Time),7272,1,0,0,0,0
Sun Aug 06 2023 06:28:12 GMT+0800 (China Standard Time),1726,1,0,0,0,1
Wed Jul 19 2023 02:52:29 GMT+0800 (China Standard Time),9917,6,1,0,0,5
Sun Apr 02 2023 23:47:55 GMT+0800 (China Standard Time),7689,0,2,0,0,1
Sun Apr 02 2023 06:16:47 GMT+0800 (China Standard Time),4762,0,1,2,3,0
Tue Oct 03 2023 04:35:44 GMT+0800 (China Standard Time),6155,0,0,0,1,1
Tue Oct 31 2023 05:16:34 GMT+0800 (China Standard Time),846,4,0,1,0,0
Fri Dec 08 2023 15:20:13 GMT+0800 (China Standard Time),9700,1,0,0,4,0
Sat Jan 06 2024 19:59:17 GMT+0800 (China Standard Time),860,6,5,4,0,2
Sat Dec 23 2023 01:47:02 GMT+0800 (China Standard Time),722,7,2,0,0,0
Fri Apr 14 2023 20:57:29 GMT+0800 (China Standard Time),631,9,0,0,0,1
Sun Jan 22 2023 11:53:43 GMT+0800 (China Standard Time),4846,0,1,1,1,0
Sun Mar 26 2023 09:49:11 GMT+0800 (China Standard Time),6682,0,0,1,1,0
Sat Nov 04 2023 06:03:39 GMT+0800 (China Standard Time),2316,0,6,0,1,0
Tue Oct 17 2023 03:07:45 GMT+0800 (China Standard Time),8307,2,0,4,0,0
Thu Mar 02 2023 14:21:38 GMT+0800 (China Standard Time),2784,0,2,2,4,1
Thu Nov 09 2023 00:17:55 GMT+0800 (China Standard Time),3921,0,1,1,1,4
Sat Jun 17 2023 10:40:31 GMT+0800 (China Standard Time),4857,0,0,0,1,1
Sat Oct 28 2023 00:46:59 GMT+0800 (China Standard Time),9563,0,1,0,0,0
Tue Nov 28 2023 10:45:53 GMT+0800 (China Standard Time),1638,1,1,1,8,5
Sat Aug 05 2023 00:17:08 GMT+0800 (China Standard Time),7473,5,1,0,0,7
Thu Nov 30 2023 17:56:08 GMT+0800 (China Standard Time),4924,1,1,0,1,0
Fri May 19 2023 05:24:24 GMT+0800 (China Standard Time),2111,0,0,0,3,0
Thu Nov 09 2023 03:53:43 GMT+0800 (China Standard Time),541,0,2,1,4,0
Sun Nov 12 2023 00:00:39 GMT+0800 (China Standard Time),8123,2,1,2,0,0
Tue May 23 2023 01:47:07 GMT+0800 (China Standard Time),7117,2,0,9,5,0
Thu Dec 14 2023 16:09:06 GMT+0800 (China Standard Time),7450,4,0,2,4,0
Mon Oct 23 2023 11:12:14 GMT+0800 (China Standard Time),1080,1,0,1,0,0
Fri May 05 2023 00:38:48 GMT+0800 (China Standard Time),707,0,0,0,1,0
Tue Jan 31 2023 13:53:31 GMT+0800 (China Standard Time),4594,3,1,1,0,1
Thu Dec 21 2023 09:58:45 GMT+0800 (China Standard Time),2439,0,2,0,4,0
Mon Oct 23 2023 05:46:16 GMT+0800 (China Standard Time),7854,2,2,0,0,0
Fri Jul 07 2023 19:25:43 GMT+0800 (China Standard Time),9054,1,1,0,1,0
Tue Mar 14 2023 08:37:24 GMT+0800 (China Standard Time),9033,1,0,1,1,0
Tue Feb 28 2023 01:08:15 GMT+0800 (China Standard Time),2755,2,2,1,7,0
Sun Nov 26 2023 08:16:44 GMT+0800 (China Standard Time),8657,3,0,1,1,1
Mon Sep 18 2023 12:05:15 GMT+0800 (China Standard Time),5260,1,0,1,1,0
Sun Mar 19 2023 12:25:24 GMT+0800 (China Standard Time),2281,0,4,1,1,1
Fri Aug 11 2023 18:55:54 GMT+0800 (China Standard Time),2594,4,0,6,0,0
Thu Dec 28 2023 02:53:14 GMT+0800 (China Standard Time),1003,0,0,4,2,9
Sun Aug 27 2023 20:05:38 GMT+0800 (China Standard Time),9931,0,8,1,0,0
Sat Apr 08 2023 15:08:33 GMT+0800 (China Standard Time),794,0,0,0,0,0
Wed Dec 27 2023 02:45:14 GMT+0800 (China Standard Time),424,0,0,0,1,0
Tue Mar 07 2023 15:08:40 GMT+0800 (China Standard Time),8432,0,0,1,0,0
Fri Apr 21 2023 05:52:29 GMT+0800 (China Standard Time),594,0,0,0,0,1
Wed Aug 23 2023 19:00:14 GMT+0800 (China Standard Time),1346,2,0,0,1,3
Tue Jun 13 2023 20:31:39 GMT+0800 (China Standard Time),7359,1,0,0,0,4
Sun May 28 2023 01:43:17 GMT+0800 (China Standard Time),2397,0,0,0,1,4
Sun Dec 03 2023 12:13:49 GMT+0800 (China Standard Time),2679,1,8,0,0,0
Sun Jun 25 2023 08:51:08 GMT+0800 (China Standard Time),7349,1,0,1,1,3
Fri Dec 22 2023 12:25:06 GMT+0800 (China Standard Time),3171,1,0,0,0,1
Sat Jun 17 2023 06:08:36 GMT+0800 (China Standard Time),474,0,0,7,0,0
Fri Dec 22 2023 02:18:19 GMT+0800 (China Standard Time),8196,6,1,0,4,1
Thu Jun 15 2023 21:25:23 GMT+0800 (China Standard Time),5912,0,9,0,1,1
Tue Oct 10 2023 08:03:25 GMT+0800 (China Standard Time),3119,0,0,0,0,4
Wed Feb 01 2023 02:22:51 GMT+0800 (China Standard Time),638,0,0,1,0,0
Fri Jan 05 2024 07:14:51 GMT+0800 (China Standard Time),7586,0,0,0,0,0
Fri Jan 05 2024 04:52:29 GMT+0800 (China Standard Time),9973,1,1,7,8,0
Wed Aug 16 2023 05:26:53 GMT+0800 (China Standard Time),1503,8,0,0,1,1
Wed Mar 15 2023 16:33:13 GMT+0800 (China Standard Time),8051,0,0,0,1,0
Sat Apr 15 2023 03:56:38 GMT+0800 (China Standard Time),3796,1,0,5,1,0
Fri Sep 22 2023 08:48:03 GMT+0800 (China Standard Time),3738,1,0,0,1,0
Sat Sep 23 2023 21:35:42 GMT+0800 (China Standard Time),4324,0,0,1,0,1
Fri Apr 07 2023 03:59:29 GMT+0800 (China Standard Time),9346,1,1,0,1,0
Sat Sep 09 2023 22:12:36 GMT+0800 (China Standard Time),8529,0,0,0,1,9
Sat Jun 17 2023 23:11:11 GMT+0800 (China Standard Time),827,9,0,0,1,1
Mon Sep 04 2023 13:31:06 GMT+0800 (China Standard Time),5442,0,0,0,0,0
Fri Nov 17 2023 07:40:57 GMT+0800 (China Standard Time),3363,0,0,0,4,0
Sat Jan 13 2024 12:29:53 GMT+0800 (China Standard Time),5435,2,1,7,1,1
Wed Jun 14 2023 02:24:11 GMT+0800 (China Standard Time),2586,0,4,0,1,1
Sat May 13 2023 20:39:40 GMT+0800 (China Standard Time),6508,0,1,0,0,0
Fri Nov 24 2023 01:17:04 GMT+0800 (China Standard Time),980,1,1,0,1,4
Wed Mar 15 2023 06:42:32 GMT+0800 (China Standard Time),9626,1,9,1,0,4
Wed Sep 06 2023 00:37:24 GMT+0800 (China Standard Time),9915,1,0,0,1,0
Thu Dec 07 2023 09:47:28 GMT+0800 (China Standard Time),1794,0,0,0,1,1
Wed Mar 29 2023 06:52:21 GMT+0800 (China Standard Time),300,1,0,3,1,9
Sat Nov 04 2023 01:44:12 GMT+0800 (China Standard Time),2935,1,0,2,5,0
Wed Jun 07 2023 06:15:02 GMT+0800 (China Standard Time),7394,0,0,0,0,0
Sun Mar 26 2023 13:59:16 GMT+0800 (China Standard Time),3610,1,1,0,1,0
Fri Jul 28 2023 18:36:42 GMT+0800 (China Standard Time),8774,0,2,4,0,1
Mon Aug 07 2023 18:43:23 GMT+0800 (China Standard Time),8427,0,0,0,1,0
Fri Aug 25 2023 11:06:59 GMT+0800 (China Standard Time),9878,0,0,0,0,1
Fri Nov 10 2023 12:22:26 GMT+0800 (China Standard Time),5747,0,0,0,0,0
Thu Apr 20 2023 05:10:15 GMT+0800 (China Standard Time),7036,0,0,4,0,0
Wed Aug 09 2023 00:20:42 GMT+0800 (China Standard Time),2325,0,0,5,1,0
Fri Oct 20 2023 05:51:03 GMT+0800 (China Standard Time),8272,0,1,1,0,1
Wed Dec 27 2023 13:34:14 GMT+0800 (China Standard Time),6341,0,0,0,0,0
Sun Apr 16 2023 16:18:11 GMT+0800 (China Standard Time),675,1,4,1,0,4
Mon Jul 24 2023 10:44:45 GMT+0800 (China Standard Time),127,1,0,1,0,0
Wed May 31 2023 16:07:14 GMT+0800 (China Standard Time),5881,1,0,0,0,0
Sun Jan 14 2024 22:35:43 GMT+0800 (China Standard Time),2316,0,9,0,0,0
Fri Sep 08 2023 10:54:33 GMT+0800 (China Standard Time),9451,1,0,0,6,1
Fri Apr 14 2023 15:19:06 GMT+0800 (China Standard Time),8752,0,0,0,0,0
Tue Feb 07 2023 17:16:49 GMT+0800 (China Standard Time),9890,1,0,0,4,0
Fri Nov 17 2023 15:54:45 GMT+0800 (China Standard Time),4883,0,1,2,0,1
Mon Jan 23 2023 03:58:01 GMT+0800 (China Standard Time),8592,1,0,0,0,0
Wed Mar 15 2023 23:28:29 GMT+0800 (China Standard Time),4692,0,0,0,0,0
Tue Feb 28 2023 10:30:29 GMT+0800 (China Standard Time),761,2,1,1,0,0
Tue May 16 2023 09:19:07 GMT+0800 (China Standard Time),6889,0,0,0,0,0
Fri Jun 30 2023 22:50:30 GMT+0800 (China Standard Time),4539,0,8,0,0,1
Sat Jan 21 2023 01:27:49 GMT+0800 (China Standard Time),7136,0,0,2,0,1
Mon Feb 13 2023 21:35:37 GMT+0800 (China Standard Time),4031,0,5,0,3,1
Sat Apr 29 2023 00:58:36 GMT+0800 (China Standard Time),9292,0,1,0,0,0
Thu Sep 28 2023 09:05:38 GMT+0800 (China Standard Time),756,0,0,0,0,0
Sat Nov 18 2023 19:16:17 GMT+0800 (China Standard Time),2392,1,0,1,6,0
Wed Jun 21 2023 18:06:59 GMT+0800 (China Standard Time),6923,1,4,0,0,4
Thu Jan 11 2024 20:00:22 GMT+0800 (China Standard Time),5786,1,0,0,0,0
Thu Dec 14 2023 12:41:25 GMT+0800 (China Standard Time),5527,0,1,0,8,2
Fri Nov 10 2023 02:51:16 GMT+0800 (China Standard Time),3142,0,1,0,0,0
Sat Apr 22 2023 11:27:57 GMT+0800 (China Standard Time),919,1,0,0,3,0
Mon Jan 30 2023 06:36:45 GMT+0800 (China Standard Time),8252,1,3,1,1,4
Mon Aug 28 2023 07:00:36 GMT+0800 (China Standard Time),5402,1,1,0,0,0
Thu Jun 29 2023 16:41:11 GMT+0800 (China Standard Time),4799,1,8,0,0,4
Tue Jul 11 2023 10:31:24 GMT+0800 (China Standard Time),4621,0,0,1,0,4
Sat Jun 03 2023 03:29:39 GMT+0800 (China Standard Time),3790,1,0,1,0,1
Sun Aug 20 2023 00:13:22 GMT+0800 (China Standard Time),6990,0,4,0,0,0
Sun Dec 31 2023 09:22:23 GMT+0800 (China Standard Time),5111,8,1,0,0,9
Sat Oct 07 2023 09:54:28 GMT+0800 (China Standard Time),6760,1,0,0,0,0
Tue Dec 19 2023 14:14:37 GMT+0800 (China Standard Time),9410,0,9,0,1,0
Fri Jun 16 2023 14:47:04 GMT+0800 (China Standard Time),9003,4,0,0,1,0
Wed May 17 2023 07:37:58 GMT+0800 (China Standard Time),9808,1,0,0,1,7
Tue Aug 29 2023 01:44:50 GMT+0800 (China Standard Time),967,0,1,0,1,1
Sun Aug 06 2023 13:34:45 GMT+0800 (China Standard Time),1190,0,0,1,0,1
Wed Feb 15 2023 11:54:51 GMT+0800 (China Standard Time),1515,0,0,4,0,0
Thu Aug 31 2023 15:37:34 GMT+0800 (China Standard Time),730,0,0,0,4,8
Thu Nov 23 2023 21:35:58 GMT+0800 (China Standard Time),264,1,1,0,0,0
Thu Mar 16 2023 23:55:55 GMT+0800 (China Standard Time),8246,0,1,2,0,0
Fri Dec 15 2023 12:44:40 GMT+0800 (China Standard Time),9662,1,0,2,0,1
Mon Oct 16 2023 18:56:12 GMT+0800 (China Standard Time),5913,0,0,0,1,1
Sun Jul 30 2023 08:05:30 GMT+0800 (China Standard Time),266,0,0,1,0,0
Mon Nov 20 2023 06:51:44 GMT+0800 (China Standard Time),9287,0,2,0,0,0
Tue May 30 2023 20:16:20 GMT+0800 (China Standard Time),531,1,0,1,0,0
Sat Mar 25 2023 14:27:25 GMT+0800 (China Standard Time),7016,8,1,0,0,0
Fri Jan 12 2024 07:33:22 GMT+0800 (China Standard Time),1146,0,2,4,1,0
Thu Nov 02 2023 11:45:42 GMT+0800 (China Standard Time),4722,1,7,0,1,0
Sun Oct 01 2023 07:50:53 GMT+0800 (China Standard Time),75,4,4,0,0,1
Sat Jan 28 2023 03:59:38 GMT+0800 (China Standard Time),5430,0,1,1,0,0
Thu Mar 30 2023 07:03:57 GMT+0800 (China Standard Time),477,0,1,1,0,0
Sun Nov 19 2023 04:05:04 GMT+0800 (China Standard Time),1540,0,1,2,0,0
Sun Dec 17 2023 07:06:32 GMT+0800 (China Standard Time),6127,0,1,1,1,1
Sat Feb 18 2023 12:24:22 GMT+0800 (China Standard Time),5838,0,0,1,6,1
Thu Sep 21 2023 18:02:00 GMT+0800 (China Standard Time),7148,0,0,0,5,0
Sat Jun 17 2023 21:55:36 GMT+0800 (China Standard Time),4197,0,4,8,0,0
Thu Nov 30 2023 07:39:06 GMT+0800 (China Standard Time),6538,1,1,4,6,1
Sun Sep 03 2023 12:19:45 GMT+0800 (China Standard Time),7910,7,3,0,1,4
Wed Feb 22 2023 12:07:01 GMT+0800 (China Standard Time),1400,0,2,0,0,2
Fri Feb 03 2023 16:12:30 GMT+0800 (China Standard Time),7876,0,0,1,1,8
Fri Apr 07 2023 18:07:32 GMT+0800 (China Standard Time),4609,0,0,0,1,8
Sat Jan 28 2023 19:14:09 GMT+0800 (China Standard Time),4687,1,0,1,0,2
Mon Oct 16 2023 15:58:06 GMT+0800 (China Standard Time),8826,0,2,0,0,0
Mon Mar 06 2023 06:26:27 GMT+0800 (China Standard Time),1106,1,0,0,0,0
Sun Jan 07 2024 14:16:23 GMT+0800 (China Standard Time),9983,0,0,4,2,1
Mon Oct 09 2023 05:47:25 GMT+0800 (China Standard Time),982,0,2,4,1,0
Tue May 16 2023 16:59:34 GMT+0800 (China Standard Time),8110,0,0,0,0,1
Sat Nov 04 2023 13:24:20 GMT+0800 (China Standard Time),3892,1,1,1,0,1
Sat Jul 22 2023 19:29:35 GMT+0800 (China Standard Time),2816,0,0,0,1,0
Mon Aug 07 2023 18:39:41 GMT+0800 (China Standard Time),4992,2,0,1,1,1
Sun Mar 12 2023 03:11:19 GMT+0800 (China Standard Time),6848,0,0,0,0,0
Sat Dec 02 2023 03:20:59 GMT+0800 (China Standard Time),453,0,1,0,0,1
Sun Nov 12 2023 15:34:18 GMT+0800 (China Standard Time),4458,0,0,0,1,0
Sat Feb 11 2023 18:52:50 GMT+0800 (China Standard Time),6954,0,1,4,1,1
Thu Nov 16 2023 11:35:21 GMT+0800 (China Standard Time),690,2,0,1,0,1
Thu Apr 13 2023 03:04:13 GMT+0800 (China Standard Time),694,0,4,2,7,1
Wed Oct 25 2023 16:43:01 GMT+0800 (China Standard Time),2879,0,4,0,1,1
Tue Jun 06 2023 04:43:12 GMT+0800 (China Standard Time),2571,1,0,0,0,0
Fri Nov 10 2023 04:03:33 GMT+0800 (China Standard Time),7267,0,1,1,0,1
Sun Jul 30 2023 07:33:05 GMT+0800 (China Standard Time),1352,1,0,0,0,0
Wed Sep 27 2023 06:52:05 GMT+0800 (China Standard Time),2657,0,0,1,0,1
Thu Sep 14 2023 06:12:29 GMT+0800 (China Standard Time),1556,6,0,1,0,0
Mon Sep 04 2023 07:32:03 GMT+0800 (China Standard Time),2152,1,3,0,1,1
Fri Sep 08 2023 02:45:18 GMT+0800 (China Standard Time),7080,9,0,0,1,1
Fri Feb 17 2023 18:18:58 GMT+0800 (China Standard Time),9627,0,1,0,1,6
Thu Mar 02 2023 17:37:00 GMT+0800 (China Standard Time),258,6,0,1,7,8
Thu Jun 29 2023 08:48:12 GMT+0800 (China Standard Time),360,1,0,4,0,1
Sat Jun 24 2023 22:21:20 GMT+0800 (China Standard Time),6057,0,0,0,1,1
Wed Aug 02 2023 07:29:55 GMT+0800 (China Standard Time),1751,0,1,0,1,5
Wed Apr 26 2023 09:58:57 GMT+0800 (China Standard Time),1379,0,1,0,0,0
Thu Aug 24 2023 04:06:56 GMT+0800 (China Standard Time),4835,0,6,0,1,0
Mon Jul 24 2023 11:58:48 GMT+0800 (China Standard Time),1293,0,0,1,0,0
Wed Jul 26 2023 19:34:27 GMT+0800 (China Standard Time),8227,4,3,4,0,0
Sat Jun 17 2023 20:46:46 GMT+0800 (China Standard Time),5490,2,0,0,0,0
Mon Apr 24 2023 06:51:55 GMT+0800 (China Standard Time),2279,1,1,0,0,0
Tue Sep 19 2023 02:21:32 GMT+0800 (China Standard Time),8671,5,1,0,0,1
Mon Oct 30 2023 09:38:18 GMT+0800 (China Standard Time),7007,0,0,0,1,1
Tue Sep 05 2023 07:08:20 GMT+0800 (China Standard Time),1832,0,0,0,0,1
Thu Jan 26 2023 08:32:28 GMT+0800 (China Standard Time),5786,0,0,2,3,0
Thu Feb 09 2023 22:24:43 GMT+0800 (China Standard Time),5,1,0,0,4,4
Sun Dec 24 2023 09:13:25 GMT+0800 (China Standard Time),6517,6,0,1,0,1
Mon Nov 13 2023 14:04:29 GMT+0800 (China Standard Time),8634,0,0,1,0,1
Tue Feb 21 2023 11:23:37 GMT+0800 (China Standard Time),3945,0,0,8,2,0
Sun May 21 2023 15:29:44 GMT+0800 (China Standard Time),2071,0,0,9,0,1
Wed Jan 18 2023 18:18:14 GMT+0800 (China Standard Time),8046,1,2,0,0,0
Tue Sep 12 2023 13:11:02 GMT+0800 (China Standard Time),8681,3,0,1,0,2
Sat Dec 30 2023 01:20:35 GMT+0800 (China Standard Time),4180,1,4,1,1,0
Sun Jun 04 2023 03:14:28 GMT+0800 (China Standard Time),1386,0,1,0,4,0
Wed Mar 29 2023 14:33:05 GMT+0800 (China Standard Time),4462,0,0,0,0,1
Thu Nov 23 2023 19:51:34 GMT+0800 (China Standard Time),5002,0,4,0,1,0
Wed Jan 25 2023 11:16:29 GMT+0800 (China Standard Time),5545,0,0,0,0,0
Thu Jan 19 2023 23:41:05 GMT+0800 (China Standard Time),6227,0,1,0,1,5
Wed Jun 21 2023 23:56:08 GMT+0800 (China Standard Time),4271,0,5,0,0,0
Tue Feb 28 2023 02:58:10 GMT+0800 (China Standard Time),3066,0,0,0,1,0
Mon Jun 12 2023 01:08:07 GMT+0800 (China Standard Time),3383,1,1,1,0,0
Fri Mar 24 2023 13:26:06 GMT+0800 (China Standard Time),4074,0,0,1,0,1
Sat Mar 18 2023 11:02:21 GMT+0800 (China Standard Time),1742,1,1,0,0,1
Fri Feb 10 2023 06:42:42 GMT+0800 (China Standard Time),4289,0,0,0,0,1
Sun Jan 07 2024 11:30:22 GMT+0800 (China Standard Time),5989,0,2,0,5,4
Mon Nov 20 2023 22:45:14 GMT+0800 (China Standard Time),9276,0,0,0,0,6
Sun Sep 03 2023 20:36:34 GMT+0800 (China Standard Time),7379,0,0,0,0,0
Fri Nov 10 2023 21:30:11 GMT+0800 (China Standard Time),6026,0,0,0,0,4
Fri Feb 17 2023 22:49:15 GMT+0800 (China Standard Time),9859,1,4,6,5,1
Sat Jan 21 2023 15:17:40 GMT+0800 (China Standard Time),6336,2,1,0,0,1
Tue Mar 21 2023 12:28:43 GMT+0800 (China Standard Time),2783,9,0,1,0,4
Fri May 26 2023 15:58:42 GMT+0800 (China Standard Time),2010,0,0,0,7,0
Wed Feb 01 2023 15:05:02 GMT+0800 (China Standard Time),1877,0,0,0,0,0
Sun Nov 05 2023 18:10:38 GMT+0800 (China Standard Time),9423,8,3,0,1,0
Thu Nov 23 2023 00:54:14 GMT+0800 (China Standard Time),3213,0,1,0,0,4
Sun Dec 17 2023 05:21:02 GMT+0800 (China Standard Time),5904,0,2,1,0,1
Tue Sep 19 2023 07:08:07 GMT+0800 (China Standard Time),8112,1,1,7,0,1
Wed Sep 20 2023 02:05:18 GMT+0800 (China Standard Time),4624,1,0,8,1,0
Mon Feb 20 2023 16:42:31 GMT+0800 (China Standard Time),6442,1,0,0,0,0
Sun Apr 16 2023 04:18:47 GMT+0800 (China Standard Time),9589,0,0,1,1,0
Mon Apr 03 2023 14:52:10 GMT+0800 (China Standard Time),3831,1,0,0,0,1
Sat Jan 06 2024 20:41:12 GMT+0800 (China Standard Time),2131,0,8,1,0,0
Thu Aug 24 2023 04:49:10 GMT+0800 (China Standard Time),2090,0,0,1,1,1
Sun Sep 10 2023 00:29:56 GMT+0800 (China Standard Time),1011,1,1,1,0,6
Wed Aug 09 2023 20:21:32 GMT+0800 (China Standard Time),4414,0,0,4,0,1
Fri Jun 02 2023 06:40:31 GMT+0800 (China Standard Time),1500,1,4,0,1,1
Mon Dec 04 2023 19:53:40 GMT+0800 (China Standard Time),3610,1,0,0,8,0
Tue Sep 19 2023 06:42:04 GMT+0800 (China Standard Time),6064,1,0,1,8,4
Mon Oct 23 2023 00:33:18 GMT+0800 (China Standard Time),6184,3,0,6,0,0
Wed May 10 2023 22:05:01 GMT+0800 (China Standard Time),7651,1,5,1,0,1
Tue Aug 15 2023 01:43:57 GMT+0800 (China Standard Time),7707,6,0,1,1,0
Thu Feb 09 2023 13:54:47 GMT+0800 (China Standard Time),3837,3,0,0,0,0
Tue Jan 16 2024 06:41:27 GMT+0800 (China Standard Time),6743,0,0,4,0,6
Sun Jul 02 2023 16:50:50 GMT+0800 (China Standard Time),358,1,0,0,3,7
Thu Aug 10 2023 20:47:59 GMT+0800 (China Standard Time),5669,1,1,0,4,5
Sun Dec 17 2023 20:20:35 GMT+0800 (China Standard Time),7741,1,2,1,0,4
Thu Jan 11 2024 14:47:59 GMT+0800 (China Standard Time),2498,0,6,1,0,9
Sat Feb 18 2023 19:04:01 GMT+0800 (China Standard Time),8300,1,0,1,0,1
Sat Nov 04 2023 14:55:03 GMT+0800 (China Standard Time),8625,1,4,0,0,0
Mon May 29 2023 20:48:11 GMT+0800 (China Standard Time),4649,2,0,0,1,0
Mon Jun 12 2023 23:29:28 GMT+0800 (China Standard Time),1866,4,0,8,0,2
Tue Nov 14 2023 23:11:17 GMT+0800 (China Standard Time),7211,0,4,2,2,1
Fri Oct 13 2023 09:10:27 GMT+0800 (China Standard Time),6153,1,0,3,0,0
Sun Jan 22 2023 16:37:59 GMT+0800 (China Standard Time),6161,1,0,0,0,0
Mon Mar 27 2023 16:57:33 GMT+0800 (China Standard Time),419,0,0,0,7,5
Wed Aug 09 2023 05:39:22 GMT+0800 (China Standard Time),4794,1,0,0,1,9
Tue Jun 20 2023 21:34:15 GMT+0800 (China Standard Time),4379,4,0,0,0,7
Thu Jun 15 2023 09:44:02 GMT+0800 (China Standard Time),8514,0,1,1,1,0
Thu Apr 13 2023 04:43:21 GMT+0800 (China Standard Time),4996,4,1,8,6,9
Wed Dec 20 2023 19:26:44 GMT+0800 (China Standard Time),20,0,0,1,1,0
Sat Nov 25 2023 07:56:55 GMT+0800 (China Standard Time),3188,2,3,0,0,0
Sun Mar 19 2023 05:59:08 GMT+0800 (China Standard Time),5906,7,1,1,1,0
Fri Mar 10 2023 18:17:49 GMT+0800 (China Standard Time),8900,1,1,1,3,0
Tue Jan 31 2023 06:36:48 GMT+0800 (China Standard Time),5828,0,0,1,0,1
Mon Jun 19 2023 17:32:50 GMT+0800 (China Standard Time),1762,4,0,4,1,0
Mon Mar 06 2023 05:22:33 GMT+0800 (China Standard Time),3129,0,1,1,2,1
Mon Nov 13 2023 19:33:34 GMT+0800 (China Standard Time),2511,3,2,0,1,4
Wed Feb 01 2023 05:22:38 GMT+0800 (China Standard Time),3583,0,0,0,1,0
Sun Dec 10 2023 11:00:40 GMT+0800 (China Standard Time),5068,0,1,0,4,1
Tue Jul 04 2023 21:20:37 GMT+0800 (China Standard Time),1558,0,0,1,0,0
Thu Mar 09 2023 03:34:37 GMT+0800 (China Standard Time),7424,0,2,1,0,9
Mon Jun 19 2023 12:33:44 GMT+0800 (China Standard Time),8863,1,0,4,0,0
Sat Apr 01 2023 22:20:11 GMT+0800 (China Standard Time),8879,9,1,0,0,0
Fri Oct 06 2023 21:57:41 GMT+0800 (China Standard Time),5272,5,0,2,1,0
Sun May 07 2023 14:43:12 GMT+0800 (China Standard Time),9155,1,0,0,0,1
Mon Mar 20 2023 06:42:28 GMT+0800 (China Standard Time),2546,1,0,0,1,7
Thu Mar 02 2023 12:36:58 GMT+0800 (China Standard Time),9277,0,1,0,0,0
Sat Aug 26 2023 22:51:51 GMT+0800 (China Standard Time),8354,0,0,1,8,1
Thu Jan 11 2024 01:38:13 GMT+0800 (China Standard Time),5156,0,1,7,0,1
Wed Sep 20 2023 13:05:39 GMT+0800 (China Standard Time),253,1,1,1,0,0
Fri Dec 08 2023 01:34:45 GMT+0800 (China Standard Time),8303,0,0,0,0,1
Sun Oct 29 2023 10:12:10 GMT+0800 (China Standard Time),848,1,0,0,5,4
Tue Oct 10 2023 22:51:02 GMT+0800 (China Standard Time),1143,4,1,0,7,1
Sun Nov 19 2023 05:57:44 GMT+0800 (China Standard Time),5494,1,0,1,1,1
Mon Jun 26 2023 12:26:19 GMT+0800 (China Standard Time),478,1,0,2,0,5
Wed Aug 23 2023 18:03:44 GMT+0800 (China Standard Time),957,1,0,0,0,1
Fri Nov 10 2023 15:10:39 GMT+0800 (China Standard Time),5446,0,0,0,1,1
Sat Jun 17 2023 23:59:38 GMT+0800 (China Standard Time),5967,0,0,1,0,7
Thu Sep 28 2023 09:46:28 GMT+0800 (China Standard Time),4867,0,0,0,1,4
Fri Oct 27 2023 19:16:58 GMT+0800 (China Standard Time),802,0,1,1,0,1
Thu May 04 2023 05:38:26 GMT+0800 (China Standard Time),1945,0,0,4,0,1
Tue Oct 31 2023 00:24:03 GMT+0800 (China Standard Time),9543,1,0,0,8,0
Mon Sep 04 2023 06:26:28 GMT+0800 (China Standard Time),3470,7,0,0,8,0
Fri Dec 15 2023 23:25:23 GMT+0800 (China Standard Time),6553,0,1,0,1,8
Thu May 11 2023 18:29:48 GMT+0800 (China Standard Time),3292,0,0,0,2,0
Sat Apr 08 2023 17:28:06 GMT+0800 (China Standard Time),6324,4,1,0,0,0
Mon Oct 23 2023 03:56:38 GMT+0800 (China Standard Time),5578,1,1,0,4,1
Sat Dec 02 2023 03:20:32 GMT+0800 (China Standard Time),214,1,0,4,0,1
Sun Jun 04 2023 16:16:56 GMT+0800 (China Standard Time),1650,0,0,0,0,0
Fri Oct 27 2023 17:36:11 GMT+0800 (China Standard Time),5189,0,1,1,0,0
Tue Nov 21 2023 16:47:14 GMT+0800 (China Standard Time),3196,1,1,0,0,1
Sun Nov 05 2023 10:52:18 GMT+0800 (China Standard Time),5019,0,1,7,0,0
Sat Oct 07 2023 06:18:42 GMT+0800 (China Standard Time),9802,1,1,0,0,0
Sat Nov 25 2023 05:13:00 GMT+0800 (China Standard Time),8007,1,0,1,3,5
Fri Sep 08 2023 18:45:57 GMT+0800 (China Standard Time),1532,0,4,0,1,0
Fri Aug 11 2023 13:28:05 GMT+0800 (China Standard Time),612,0,0,2,0,1
Wed Jul 19 2023 06:28:28 GMT+0800 (China Standard Time),5045,1,0,1,0,1
Mon Apr 03 2023 03:17:41 GMT+0800 (China Standard Time),7936,0,0,0,0,0
Thu Oct 26 2023 05:31:47 GMT+0800 (China Standard Time),7598,0,1,0,4,0
Thu Feb 16 2023 01:27:08 GMT+0800 (China Standard Time),288,3,1,0,1,0
Tue Sep 05 2023 20:39:26 GMT+0800 (China Standard Time),6281,0,1,0,3,0
Wed Jan 03 2024 06:30:06 GMT+0800 (China Standard Time),8795,0,0,0,1,0
Mon Feb 27 2023 06:28:42 GMT+0800 (China Standard Time),2175,1,2,7,1,0
Tue Dec 19 2023 20:40:45 GMT+0800 (China Standard Time),6940,0,0,0,1,0
Mon Jan 08 2024 11:11:05 GMT+0800 (China Standard Time),822,0,0,1,0,0
Wed Dec 13 2023 11:08:22 GMT+0800 (China Standard Time),4631,0,0,0,1,1
Sat Jan 06 2024 10:25:12 GMT+0800 (China Standard Time),9734,2,0,2,1,1
Thu Apr 27 2023 21:40:06 GMT+0800 (China Standard Time),6944,0,1,7,0,2
Thu Apr 06 2023 18:18:40 GMT+0800 (China Standard Time),7236,0,1,1,0,0
Thu Jan 04 2024 07:57:12 GMT+0800 (China Standard Time),5438,1,0,1,0,1
Sat Feb 18 2023 16:15:33 GMT+0800 (China Standard Time),8015,0,0,0,0,0
Thu May 18 2023 10:50:27 GMT+0800 (China Standard Time),2536,0,0,0,0,0
Wed Dec 06 2023 08:58:37 GMT+0800 (China Standard Time),3522,0,0,0,0,0
Tue Jul 11 2023 09:58:31 GMT+0800 (China Standard Time),8005,1,0,0,0,8
Sat May 20 2023 00:55:54 GMT+0800 (China Standard Time),8495,0,0,7,0,0
Fri Apr 14 2023 09:42:30 GMT+0800 (China Standard Time),2828,0,8,1,0,4
Thu Mar 30 2023 23:05:46 GMT+0800 (China Standard Time),3703,0,0,0,0,0
Tue Feb 28 2023 08:40:17 GMT+0800 (China Standard Time),33,1,0,1,2,1
Thu Nov 30 2023 12:25:49 GMT+0800 (China Standard Time),3750,1,7,0,4,0
Mon May 22 2023 13:35:16 GMT+0800 (China Standard Time),1062,0,0,0,0,0
Tue Jul 18 2023 07:30:53 GMT+0800 (China Standard Time),3182,2,0,0,1,0
Wed Oct 18 2023 22:33:17 GMT+0800 (China Standard Time),3032,1,1,0,1,0
Mon Jan 15 2024 05:31:43 GMT+0800 (China Standard Time),9534,8,8,0,0,0
Sat Nov 11 2023 13:33:26 GMT+0800 (China Standard Time),1998,0,2,4,0,0
Mon Mar 13 2023 21:25:08 GMT+0800 (China Standard Time),1642,1,0,5,1,0
Tue Aug 15 2023 16:42:54 GMT+0800 (China Standard Time),2785,2,1,0,0,1
Thu Jun 01 2023 11:41:09 GMT+0800 (China Standard Time),7507,1,1,0,7,5
Thu Dec 28 2023 11:38:44 GMT+0800 (China Standard Time),8944,4,0,9,0,1
Tue May 23 2023 09:35:09 GMT+0800 (China Standard Time),1637,7,1,0,1,4
Thu Jun 22 2023 08:04:49 GMT+0800 (China Standard Time),4638,0,1,4,0,0
Sat Jan 06 2024 11:08:38 GMT+0800 (China Standard Time),3304,0,1,2,2,0
Mon Jan 30 2023 09:25:27 GMT+0800 (China Standard Time),9882,1,1,0,7,0
Sun Sep 03 2023 00:32:52 GMT+0800 (China Standard Time),6237,9,2,0,0,1
Mon Jul 24 2023 22:10:39 GMT+0800 (China Standard Time),2551,0,0,0,0,0
Sun May 28 2023 08:19:18 GMT+0800 (China Standard Time),4979,0,1,0,0,3
Fri Sep 15 2023 21:15:02 GMT+0800 (China Standard Time),2409,1,6,0,0,0
Sun Oct 01 2023 09:34:22 GMT+0800 (China Standard Time),4633,0,4,1,0,0
Tue Jul 25 2023 13:09:22 GMT+0800 (China Standard Time),4272,1,0,1,0,0
Thu Feb 16 2023 18:07:02 GMT+0800 (China Standard Time),4107,0,0,0,1,1
Mon Oct 23 2023 18:07:27 GMT+0800 (China Standard Time),5980,3,3,0,0,0
Thu Jul 27 2023 01:43:29 GMT+0800 (China Standard Time),1603,2,6,3,0,0
Sun Sep 24 2023 23:18:16 GMT+0800 (China Standard Time),8186,0,1,0,1,8
Wed May 24 2023 22:12:25 GMT+0800 (China Standard Time),2178,0,0,1,0,0
Sat Oct 14 2023 09:38:52 GMT+0800 (China Standard Time),363,0,1,2,4,2
Wed Jul 26 2023 23:38:50 GMT+0800 (China Standard Time),3454,0,0,4,2,8
Sat Jun 10 2023 16:43:08 GMT+0800 (China Standard Time),8637,0,1,0,2,1
Mon May 15 2023 22:55:15 GMT+0800 (China Standard Time),2278,1,1,0,0,0
Sun Aug 13 2023 01:42:02 GMT+0800 (China Standard Time),9353,0,0,0,0,0
Sat Apr 08 2023 02:21:12 GMT+0800 (China Standard Time),3053,0,9,1,0,0
Sat Sep 09 2023 17:47:51 GMT+0800 (China Standard Time),7948,1,0,0,1,7
Mon Jul 31 2023 07:17:42 GMT+0800 (China Standard Time),7727,4,1,0,1,0
Sun Jan 07 2024 13:31:49 GMT+0800 (China Standard Time),9116,0,2,0,0,1
Thu Mar 09 2023 04:34:48 GMT+0800 (China Standard Time),2911,0,0,2,0,0
Sun Apr 16 2023 15:00:12 GMT+0800 (China Standard Time),5183,0,0,0,1,1
Tue Dec 05 2023 09:09:34 GMT+0800 (China Standard Time),2176,1,8,1,0,2
Sat Feb 04 2023 12:06:36 GMT+0800 (China Standard Time),4515,2,4,0,0,0
Thu Apr 20 2023 00:02:20 GMT+0800 (China Standard Time),2756,1,0,0,0,0
Sat Oct 14 2023 04:50:00 GMT+0800 (China Standard Time),7114,0,1,1,6,0
Wed Nov 22 2023 00:50:54 GMT+0800 (China Standard Time),8693,0,0,0,4,1
Fri Jun 16 2023 10:21:21 GMT+0800 (China Standard Time),1658,1,2,1,1,0
Thu Nov 09 2023 10:32:37 GMT+0800 (China Standard Time),9012,6,4,0,0,1
Fri Feb 03 2023 05:45:19 GMT+0800 (China Standard Time),3138,1,0,9,0,0
Sat Apr 01 2023 05:46:15 GMT+0800 (China Standard Time),3193,1,4,0,0,1
Sat Mar 04 2023 18:33:05 GMT+0800 (China Standard Time),71,0,1,0,0,2
Thu Oct 26 2023 17:52:28 GMT+0800 (China Standard Time),3843,1,0,1,1,0
Sat May 06 2023 12:04:58 GMT+0800 (China Standard Time),3617,2,1,1,2,0
Thu May 25 2023 12:23:23 GMT+0800 (China Standard Time),6071,1,0,4,0,0
Tue Jul 04 2023 00:49:40 GMT+0800 (China Standard Time),8106,1,0,0,0,0
Thu Mar 02 2023 03:18:06 GMT+0800 (China Standard Time),1053,3,0,1,1,4
Wed Apr 19 2023 23:24:54 GMT+0800 (China Standard Time),3276,0,0,8,1,0
Sun Apr 30 2023 11:54:21 GMT+0800 (China Standard Time),142,5,0,4,0,1
Thu Sep 28 2023 23:17:36 GMT+0800 (China Standard Time),88,0,1,0,1,4
Mon May 29 2023 06:11:10 GMT+0800 (China Standard Time),8663,0,1,1,7,1
Fri Aug 18 2023 23:23:16 GMT+0800 (China Standard Time),9389,0,0,2,8,5
Thu Jun 22 2023 01:30:56 GMT+0800 (China Standard Time),9609,1,1,1,0,1
Tue Nov 07 2023 12:32:43 GMT+0800 (China Standard Time),7765,5,0,0,0,0
Wed Nov 22 2023 21:37:57 GMT+0800 (China Standard Time),8329,1,1,1,0,0
Sat Apr 08 2023 22:29:59 GMT+0800 (China Standard Time),7477,0,1,0,0,1
Tue Dec 19 2023 01:55:02 GMT+0800 (China Standard Time),4704,8,6,4,6,0
Fri Nov 17 2023 04:26:31 GMT+0800 (China Standard Time),6905,1,7,0,0,0
Sat Oct 14 2023 19:16:22 GMT+0800 (China Standard Time),2210,0,7,0,3,0
Fri Oct 06 2023 01:21:14 GMT+0800 (China Standard Time),5473,0,1,1,2,0
Tue Oct 17 2023 01:02:44 GMT+0800 (China Standard Time),5040,4,1,1,0,0
Sun Oct 29 2023 09:30:07 GMT+0800 (China Standard Time),4518,1,2,4,0,4
Tue Nov 14 2023 21:15:43 GMT+0800 (China Standard Time),5023,0,0,1,0,5
Wed Jan 03 2024 20:09:07 GMT+0800 (China Standard Time),562,0,0,0,0,4
Wed Nov 01 2023 00:34:43 GMT+0800 (China Standard Time),8700,1,1,0,2,4
Fri Sep 08 2023 17:39:55 GMT+0800 (China Standard Time),2446,0,0,2,1,0
Mon Mar 06 2023 13:47:39 GMT+0800 (China Standard Time),9479,0,1,0,4,2
Thu Jul 13 2023 05:14:05 GMT+0800 (China Standard Time),9342,1,1,0,1,0
Sun Sep 24 2023 03:49:20 GMT+0800 (China Standard Time),5483,0,0,1,0,0
Thu Apr 20 2023 03:44:20 GMT+0800 (China Standard Time),7826,6,1,0,0,0
Sun Dec 31 2023 01:12:55 GMT+0800 (China Standard Time),9785,0,1,1,0,2
Sun Feb 05 2023 19:23:23 GMT+0800 (China Standard Time),3705,0,0,0,1,0
Fri Jun 02 2023 21:37:20 GMT+0800 (China Standard Time),659,0,8,1,0,7
Tue Jan 16 2024 18:03:38 GMT+0800 (China Standard Time),9797,0,0,1,0,0
Sun Nov 12 2023 21:10:56 GMT+0800 (China Standard Time),1667,0,0,0,1,0
Wed Sep 20 2023 22:45:39 GMT+0800 (China Standard Time),618,0,2,0,1,0
Tue Dec 26 2023 13:18:18 GMT+0800 (China Standard Time),6850,2,4,0,4,1
Sun Oct 01 2023 11:27:06 GMT+0800 (China Standard Time),7886,0,1,0,0,1
Sun Jul 23 2023 21:25:43 GMT+0800 (China Standard Time),246,1,1,0,0,1
Sat Aug 26 2023 09:28:35 GMT+0800 (China Standard Time),5672,0,0,3,0,0
Fri Feb 24 2023 18:16:03 GMT+0800 (China Standard Time),7437,0,1,1,0,1
Fri Mar 03 2023 09:07:47 GMT+0800 (China Standard Time),6963,1,6,1,1,0
Mon Nov 20 2023 17:14:14 GMT+0800 (China Standard Time),3141,3,0,3,1,0
Sun Aug 13 2023 22:07:56 GMT+0800 (China Standard Time),4653,0,0,0,1,0
Sat Jul 08 2023 09:09:53 GMT+0800 (China Standard Time),7562,5,1,7,0,0
Thu Oct 05 2023 19:04:12 GMT+0800 (China Standard Time),3204,0,0,1,0,1
Sun Mar 19 2023 02:23:12 GMT+0800 (China Standard Time),3370,0,1,0,0,0
Wed Dec 20 2023 16:48:11 GMT+0800 (China Standard Time),2315,0,0,4,6,7
Wed Jul 26 2023 14:04:52 GMT+0800 (China Standard Time),4970,1,0,0,0,9
Tue Jun 13 2023 19:35:26 GMT+0800 (China Standard Time),6511,7,1,0,0,0
Wed Aug 30 2023 08:20:33 GMT+0800 (China Standard Time),323,1,0,1,0,0
Fri Oct 27 2023 20:18:20 GMT+0800 (China Standard Time),152,1,0,1,3,1
Sat Jul 22 2023 16:27:51 GMT+0800 (China Standard Time),6974,2,0,2,1,4
Wed Dec 06 2023 12:33:54 GMT+0800 (China Standard Time),6108,0,2,1,0,1
Mon Dec 04 2023 09:48:38 GMT+0800 (China Standard Time),2325,0,1,1,1,1
Sun Feb 19 2023 07:55:09 GMT+0800 (China Standard Time),4799,0,0,0,0,0
Thu Jul 27 2023 05:13:46 GMT+0800 (China Standard Time),6726,2,0,3,1,0
Sun Aug 20 2023 09:48:17 GMT+0800 (China Standard Time),7554,0,0,6,1,0
Sun Aug 27 2023 23:34:13 GMT+0800 (China Standard Time),4736,0,0,0,4,0
Thu Jan 19 2023 08:46:33 GMT+0800 (China Standard Time),4933,0,0,4,1,7
Tue Feb 07 2023 18:55:07 GMT+0800 (China Standard Time),1496,1,4,8,0,4
Thu Jul 06 2023 06:34:11 GMT+0800 (China Standard Time),979,2,0,1,4,0
Sat May 20 2023 03:33:49 GMT+0800 (China Standard Time),8557,0,1,1,0,1
Thu Jul 20 2023 09:16:21 GMT+0800 (China Standard Time),6793,1,1,1,1,1
Fri Jul 07 2023 07:08:47 GMT+0800 (China Standard Time),6161,2,1,0,0,4
Tue Feb 21 2023 14:32:02 GMT+0800 (China Standard Time),3817,1,0,0,0,8
Wed Mar 22 2023 00:29:53 GMT+0800 (China Standard Time),3775,0,2,1,1,2
Fri Sep 29 2023 02:59:59 GMT+0800 (China Standard Time),2478,0,0,1,2,0
Fri Jan 20 2023 13:38:25 GMT+0800 (China Standard Time),7356,1,2,0,0,1
Sun Feb 05 2023 09:32:24 GMT+0800 (China Standard Time),74,4,1,1,7,0
Tue May 23 2023 09:31:30 GMT+0800 (China Standard Time),9843,0,0,0,0,4
Thu Oct 05 2023 03:55:59 GMT+0800 (China Standard Time),1872,0,0,1,0,0
Mon Apr 17 2023 08:14:00 GMT+0800 (China Standard Time),1965,1,0,7,0,0
Sun Jun 25 2023 00:16:51 GMT+0800 (China Standard Time),5169,0,1,0,1,0
Wed Sep 06 2023 21:10:54 GMT+0800 (China Standard Time),6486,4,2,0,4,1
Wed Dec 13 2023 08:43:39 GMT+0800 (China Standard Time),8977,1,0,1,8,7
Wed Feb 22 2023 01:31:31 GMT+0800 (China Standard Time),6543,1,1,0,0,1
Sat Jan 13 2024 11:33:24 GMT+0800 (China Standard Time),1722,1,0,2,0,0
Sat Nov 25 2023 04:17:00 GMT+0800 (China Standard Time),6575,0,1,1,4,0
Sat Jan 06 2024 21:43:12 GMT+0800 (China Standard Time),8213,0,0,2,4,9
Wed Nov 29 2023 12:39:56 GMT+0800 (China Standard Time),5068,1,0,1,0,1
Wed Jan 18 2023 12:19:41 GMT+0800 (China Standard Time),5519,0,1,0,3,0
Sat Sep 23 2023 15:09:22 GMT+0800 (China Standard Time),3204,1,1,0,0,1
Sat May 27 2023 05:53:03 GMT+0800 (China Standard Time),3198,1,4,8,1,0
Wed Oct 11 2023 04:50:57 GMT+0800 (China Standard Time),1483,1,1,0,0,9
Tue Sep 19 2023 00:31:14 GMT+0800 (China Standard Time),706,2,4,0,0,0
Tue Aug 29 2023 18:05:13 GMT+0800 (China Standard Time),7434,1,4,4,0,1
Wed Jun 28 2023 04:29:44 GMT+0800 (China Standard Time),2428,0,3,1,1,0
Sat Jun 24 2023 16:04:41 GMT+0800 (China Standard Time),7993,1,1,0,0,6
Mon Nov 13 2023 18:46:40 GMT+0800 (China Standard Time),833,1,6,1,0,0
Fri Jun 30 2023 17:00:29 GMT+0800 (China Standard Time),1171,0,0,2,0,0
Mon Feb 20 2023 06:59:57 GMT+0800 (China Standard Time),4259,3,0,0,2,0
Mon Feb 20 2023 20:02:30 GMT+0800 (China Standard Time),5692,0,0,1,0,1
Thu Nov 09 2023 12:17:26 GMT+0800 (China Standard Time),8389,0,0,1,0,1
Mon Feb 13 2023 00:14:25 GMT+0800 (China Standard Time),678,1,1,1,0,0
Thu Aug 10 2023 21:34:43 GMT+0800 (China Standard Time),6243,0,2,0,1,0
Mon Mar 06 2023 10:53:21 GMT+0800 (China Standard Time),2821,3,0,7,1,0
Mon May 22 2023 21:17:49 GMT+0800 (China Standard Time),5695,0,8,0,0,0
Thu Oct 19 2023 03:54:06 GMT+0800 (China Standard Time),2255,0,0,0,1,1
Tue Sep 05 2023 16:16:03 GMT+0800 (China Standard Time),7054,1,1,0,0,1
Mon Oct 23 2023 11:21:25 GMT+0800 (China Standard Time),4959,0,0,0,9,9
Thu Nov 09 2023 01:37:16 GMT+0800 (China Standard Time),1430,9,0,0,1,1
Mon Nov 06 2023 16:42:39 GMT+0800 (China Standard Time),5354,0,0,1,0,0
Mon Nov 27 2023 19:39:16 GMT+0800 (China Standard Time),8488,0,0,0,0,0
Sat Nov 25 2023 14:33:33 GMT+0800 (China Standard Time),1739,1,1,0,8,0
Tue Sep 26 2023 14:48:18 GMT+0800 (China Standard Time),5468,0,0,1,6,2
Sun Nov 05 2023 02:31:47 GMT+0800 (China Standard Time),881,0,0,1,1,0
Wed Nov 01 2023 14:29:44 GMT+0800 (China Standard Time),1964,1,1,0,0,0
Wed Apr 12 2023 04:30:15 GMT+0800 (China Standard Time),2995,1,2,0,1,6
Sat Apr 29 2023 17:32:38 GMT+0800 (China Standard Time),4619,0,0,1,5,4
Mon Jan 23 2023 08:04:39 GMT+0800 (China Standard Time),4761,0,1,2,0,1
Thu Jan 04 2024 00:36:37 GMT+0800 (China Standard Time),945,0,1,0,0,0
Wed Oct 25 2023 21:19:15 GMT+0800 (China Standard Time),8362,0,4,1,1,0
Tue Apr 25 2023 23:31:03 GMT+0800 (China Standard Time),6414,4,0,4,1,1
Tue Oct 10 2023 16:20:25 GMT+0800 (China Standard Time),812,0,2,0,1,1
Sun Jun 18 2023 22:34:27 GMT+0800 (China Standard Time),5486,1,8,0,0,0
Thu May 18 2023 20:44:09 GMT+0800 (China Standard Time),7872,0,0,0,1,1
Mon Jan 01 2024 02:26:10 GMT+0800 (China Standard Time),7990,0,1,0,0,4
Sun Mar 26 2023 01:50:28 GMT+0800 (China Standard Time),1946,1,0,0,0,0
Fri Mar 24 2023 09:48:45 GMT+0800 (China Standard Time),8279,4,0,0,0,0
Mon Dec 25 2023 22:23:48 GMT+0800 (China Standard Time),9591,0,1,0,7,0
Sat Mar 04 2023 10:19:43 GMT+0800 (China Standard Time),7830,1,0,0,0,0
Sat Mar 04 2023 20:20:15 GMT+0800 (China Standard Time),7097,0,1,0,1,2
Sun Sep 17 2023 15:57:31 GMT+0800 (China Standard Time),915,2,0,3,1,0
Sat Jan 06 2024 17:37:09 GMT+0800 (China Standard Time),8774,8,3,0,0,9
Sun Mar 26 2023 15:15:03 GMT+0800 (China Standard Time),124,0,0,1,0,1
Thu May 25 2023 06:03:24 GMT+0800 (China Standard Time),6015,2,0,0,0,1
Wed Mar 29 2023 18:09:30 GMT+0800 (China Standard Time),4393,0,4,0,1,8
Sun May 14 2023 15:01:41 GMT+0800 (China Standard Time),2542,0,0,4,1,0
Mon Jul 31 2023 21:12:22 GMT+0800 (China Standard Time),3584,0,2,2,1,0
Sun Jan 07 2024 08:47:41 GMT+0800 (China Standard Time),6983,1,0,1,0,1
Sun Jul 16 2023 02:43:48 GMT+0800 (China Standard Time),3701,0,1,0,0,1
Sun Jan 29 2023 04:57:38 GMT+0800 (China Standard Time),3271,3,0,0,1,0
Sun Nov 26 2023 15:11:11 GMT+0800 (China Standard Time),3330,0,0,0,0,0
Fri Aug 04 2023 09:52:46 GMT+0800 (China Standard Time),6944,0,1,2,1,1
Wed Jan 03 2024 10:52:42 GMT+0800 (China Standard Time),4869,1,1,0,1,1
Fri Nov 17 2023 00:41:10 GMT+0800 (China Standard Time),7767,0,0,1,4,1
Tue May 30 2023 17:34:02 GMT+0800 (China Standard Time),4779,9,1,7,0,0
Fri Sep 01 2023 07:47:00 GMT+0800 (China Standard Time),7477,0,1,6,1,0
Thu Mar 30 2023 00:44:58 GMT+0800 (China Standard Time),8887,1,0,0,1,0
Sun Jan 14 2024 18:45:05 GMT+0800 (China Standard Time),7571,5,6,0,1,0
Wed Jun 14 2023 09:49:12 GMT+0800 (China Standard Time),7235,1,2,0,0,0
Fri Apr 07 2023 14:58:52 GMT+0800 (China Standard Time),2844,2,1,2,0,9
Thu Nov 02 2023 14:59:57 GMT+0800 (China Standard Time),3322,0,0,0,1,0
Fri Oct 13 2023 17:53:14 GMT+0800 (China Standard Time),7928,0,0,9,0,0
Tue Dec 26 2023 20:30:33 GMT+0800 (China Standard Time),129,0,1,1,0,0
Mon Aug 14 2023 04:37:48 GMT+0800 (China Standard Time),4928,0,8,0,1,0
Thu Mar 09 2023 06:29:29 GMT+0800 (China Standard Time),8211,1,1,0,1,1
Fri Feb 17 2023 22:32:57 GMT+0800 (China Standard Time),1386,1,0,1,0,4
Sun Oct 15 2023 14:44:41 GMT+0800 (China Standard Time),3047,0,1,2,0,1
Tue Aug 22 2023 03:21:59 GMT+0800 (China Standard Time),5370,0,3,3,0,1
Sat Mar 18 2023 05:16:03 GMT+0800 (China Standard Time),6953,1,1,1,0,1
Mon Oct 30 2023 01:08:50 GMT+0800 (China Standard Time),8943,0,0,1,7,0
Fri Jun 30 2023 16:58:04 GMT+0800 (China Standard Time),5042,1,0,9,0,0
Wed Oct 25 2023 07:26:09 GMT+0800 (China Standard Time),9496,0,0,0,0,0
Sat Dec 02 2023 08:12:37 GMT+0800 (China Standard Time),8171,0,1,1,1,0
Wed Feb 01 2023 23:52:09 GMT+0800 (China Standard Time),7502,0,0,0,2,1
Sun Nov 26 2023 00:33:18 GMT+0800 (China Standard Time),4340,2,0,0,1,1
Wed Mar 22 2023 00:33:11 GMT+0800 (China Standard Time),975,1,1,4,0,0
Tue Feb 21 2023 21:58:36 GMT+0800 (China Standard Time),2862,0,4,1,0,0
Sat Oct 21 2023 22:32:30 GMT+0800 (China Standard Time),2195,1,4,0,4,1
Thu Jul 20 2023 06:52:11 GMT+0800 (China Standard Time),9549,2,9,1,0,0
Wed Apr 26 2023 20:22:19 GMT+0800 (China Standard Time),1280,0,0,6,1,1
Wed Feb 15 2023 18:07:39 GMT+0800 (China Standard Time),1398,0,1,4,1,1
Thu Jun 22 2023 10:45:35 GMT+0800 (China Standard Time),7476,1,0,0,0,0
Thu Jan 26 2023 12:06:04 GMT+0800 (China Standard Time),8479,0,0,1,4,2
Tue Dec 26 2023 20:15:10 GMT+0800 (China Standard Time),2645,0,0,1,0,5
Mon Jun 12 2023 13:21:22 GMT+0800 (China Standard Time),600,1,0,4,1,1
Tue Jul 25 2023 15:11:05 GMT+0800 (China Standard Time),9506,1,0,1,1,1
Sat May 13 2023 01:42:49 GMT+0800 (China Standard Time),2574,0,0,1,0,0
Fri Oct 27 2023 02:00:51 GMT+0800 (China Standard Time),9088,0,0,0,1,0
Mon Oct 30 2023 18:05:26 GMT+0800 (China Standard Time),4489,1,1,0,0,0
Mon Aug 28 2023 17:49:28 GMT+0800 (China Standard Time),8786,0,0,0,7,1
Sun Jan 14 2024 10:45:58 GMT+0800 (China Standard Time),9941,0,0,1,9,0
Mon Jul 03 2023 17:24:34 GMT+0800 (China Standard Time),3016,1,0,1,1,3
Sun Apr 16 2023 05:43:10 GMT+0800 (China Standard Time),102,4,0,6,4,1
Mon Sep 11 2023 08:31:36 GMT+0800 (China Standard Time),1139,1,1,1,1,0
Sat Apr 08 2023 02:25:25 GMT+0800 (China Standard Time),1792,4,1,0,0,0
Sun Jul 16 2023 22:59:29 GMT+0800 (China Standard Time),5532,1,1,1,0,0
Thu Feb 16 2023 04:50:01 GMT+0800 (China Standard Time),5144,0,9,1,0,4
Wed Mar 08 2023 06:17:58 GMT+0800 (China Standard Time),2948,0,0,0,0,0
Sun Oct 29 2023 17:37:09 GMT+0800 (China Standard Time),1580,0,1,1,0,0
Sun Mar 26 2023 20:41:10 GMT+0800 (China Standard Time),6955,0,0,1,1,0
Fri Apr 07 2023 00:06:53 GMT+0800 (China Standard Time),8892,0,0,4,4,0
Thu May 04 2023 15:10:06 GMT+0800 (China Standard Time),6063,1,0,0,0,0
Thu Mar 09 2023 23:51:57 GMT+0800 (China Standard Time),3530,9,0,4,1,1
Tue Aug 22 2023 14:22:07 GMT+0800 (China Standard Time),5977,1,7,0,0,1
Thu Apr 06 2023 09:20:52 GMT+0800 (China Standard Time),5021,0,0,0,0,2
Wed Jan 25 2023 13:18:50 GMT+0800 (China Standard Time),2581,1,1,0,1,0
Wed Mar 08 2023 02:12:21 GMT+0800 (China Standard Time),9313,1,0,0,1,2
Fri Feb 03 2023 11:58:20 GMT+0800 (China Standard Time),1529,1,1,0,0,0
Sat Mar 18 2023 20:47:24 GMT+0800 (China Standard Time),1957,1,4,2,0,0
Fri Mar 10 2023 15:13:24 GMT+0800 (China Standard Time),3484,0,9,0,7,0
Wed Oct 25 2023 03:04:55 GMT+0800 (China Standard Time),9502,4,1,1,0,0
Tue Apr 04 2023 18:39:05 GMT+0800 (China Standard Time),4540,1,0,0,0,0
Sun Mar 12 2023 02:51:14 GMT+0800 (China Standard Time),1372,0,0,0,0,0
Fri Mar 24 2023 17:10:04 GMT+0800 (China Standard Time),2010,0,0,1,0,0
Sun Mar 19 2023 05:43:46 GMT+0800 (China Standard Time),3906,0,0,0,1,0
Sat Jun 17 2023 22:30:21 GMT+0800 (China Standard Time),4062,0,3,1,0,1
Sat Oct 07 2023 03:28:40 GMT+0800 (China Standard Time),4210,0,2,1,0,0
Thu Jan 04 2024 23:07:53 GMT+0800 (China Standard Time),5357,0,0,0,9,1
Tue Oct 24 2023 14:27:19 GMT+0800 (China Standard Time),2368,6,0,0,1,0
Sun Jun 04 2023 14:29:52 GMT+0800 (China Standard Time),1195,0,6,0,7,0
Sat Dec 09 2023 13:02:16 GMT+0800 (China Standard Time),7780,1,0,0,0,1
Sat Apr 01 2023 03:31:56 GMT+0800 (China Standard Time),2007,7,0,0,1,2
Sun Feb 19 2023 18:21:00 GMT+0800 (China Standard Time),8690,2,0,0,0,0
Mon Apr 10 2023 01:53:47 GMT+0800 (China Standard Time),3974,0,0,1,0,0
Fri Dec 01 2023 12:15:17 GMT+0800 (China Standard Time),8499,0,0,1,0,0
Tue Aug 29 2023 10:35:16 GMT+0800 (China Standard Time),2501,0,1,0,0,0
Sun Apr 16 2023 07:08:57 GMT+0800 (China Standard Time),8607,0,5,0,0,2
Wed Nov 15 2023 22:03:07 GMT+0800 (China Standard Time),7611,1,0,1,8,1
Sat Jun 24 2023 19:17:36 GMT+0800 (China Standard Time),78,0,0,1,0,1
Tue Aug 01 2023 23:03:24 GMT+0800 (China Standard Time),4188,0,1,1,0,1
Mon Oct 16 2023 06:26:08 GMT+0800 (China Standard Time),2772,0,0,4,0,0
Sun Aug 20 2023 07:36:50 GMT+0800 (China Standard Time),8930,1,0,0,0,0
Wed Dec 20 2023 08:39:20 GMT+0800 (China Standard Time),9406,1,1,1,1,0
Tue Mar 21 2023 18:00:21 GMT+0800 (China Standard Time),4314,0,1,0,1,7
Sat Nov 11 2023 00:46:25 GMT+0800 (China Standard Time),526,0,0,0,7,6
Sat Nov 11 2023 14:13:32 GMT+0800 (China Standard Time),8991,0,5,6,0,0
Fri Oct 13 2023 03:12:20 GMT+0800 (China Standard Time),5904,0,1,1,3,1
Tue Jan 16 2024 03:49:44 GMT+0800 (China Standard Time),4162,0,1,1,7,0
Tue Jan 24 2023 17:37:06 GMT+0800 (China Standard Time),9508,0,1,1,1,1
Mon Mar 06 2023 08:55:47 GMT+0800 (China Standard Time),8426,5,0,0,1,0
Wed Jun 14 2023 07:16:16 GMT+0800 (China Standard Time),9157,1,3,0,0,0
Fri Aug 04 2023 12:41:19 GMT+0800 (China Standard Time),8175,1,0,4,0,1
Tue Feb 14 2023 20:39:00 GMT+0800 (China Standard Time),3026,1,0,1,0,0
Thu Aug 31 2023 05:41:52 GMT+0800 (China Standard Time),767,1,0,1,0,8
Mon Jun 05 2023 18:12:12 GMT+0800 (China Standard Time),1340,0,0,0,0,0
Thu Apr 13 2023 17:12:11 GMT+0800 (China Standard Time),3393,0,1,1,4,0
Mon Dec 11 2023 18:54:24 GMT+0800 (China Standard Time),8344,0,1,0,1,0
Thu Aug 24 2023 17:03:11 GMT+0800 (China Standard Time),1079,0,1,0,0,1
Thu Nov 23 2023 05:45:00 GMT+0800 (China Standard Time),6324,4,0,8,1,0
Mon Jan 08 2024 19:22:36 GMT+0800 (China Standard Time),4037,0,1,1,1,1
Fri Mar 24 2023 22:41:54 GMT+0800 (China Standard Time),1807,0,0,0,1,6
Wed Aug 09 2023 11:45:12 GMT+0800 (China Standard Time),3049,4,0,0,6,4
Thu Nov 30 2023 21:44:40 GMT+0800 (China Standard Time),7900,4,0,0,1,1
Thu Dec 14 2023 09:59:49 GMT+0800 (China Standard Time),5769,4,0,0,7,0
Sat Jul 29 2023 22:14:16 GMT+0800 (China Standard Time),6243,1,0,1,1,1
Fri Jul 07 2023 04:42:21 GMT+0800 (China Standard Time),9508,0,4,9,1,0
Sat Jun 10 2023 16:01:12 GMT+0800 (China Standard Time),4085,0,1,0,1,0
Sat Dec 09 2023 11:14:10 GMT+0800 (China Standard Time),5876,2,1,1,8,0
Tue Dec 26 2023 14:48:17 GMT+0800 (China Standard Time),6161,1,1,0,0,0
Fri Apr 14 2023 05:22:42 GMT+0800 (China Standard Time),8771,0,0,0,0,0
Mon May 01 2023 12:41:59 GMT+0800 (China Standard Time),9532,0,2,2,0,0
Thu Mar 23 2023 10:57:29 GMT+0800 (China Standard Time),8870,0,0,0,7,9
Thu Jul 06 2023 16:09:53 GMT+0800 (China Standard Time),1443,0,1,0,1,1
Fri Jul 07 2023 22:42:52 GMT+0800 (China Standard Time),9693,0,0,7,0,1
Wed Jun 28 2023 16:42:23 GMT+0800 (China Standard Time),2212,9,0,1,0,0
Mon Nov 27 2023 21:47:38 GMT+0800 (China Standard Time),9105,0,0,1,1,0
Fri Nov 03 2023 14:56:40 GMT+0800 (China Standard Time),8004,1,1,0,1,1
